time,latitude,longitude,altitude,distance,hr,speed
2021-11-23 16:58:55+00:00,52.13181062601507,21.071515576913953,114.0,0.3400000035762787,112.0,0.0
2021-11-23 16:58:56+00:00,52.1318107098341,21.071529826149344,114.0,1.2699999809265137,111.0,0.0
2021-11-23 16:59:02+00:00,52.13174784556031,21.071696374565363,114.0,1.2699999809265137,122.0,1.7079999446868896
2021-11-23 16:59:03+00:00,52.13172521442175,21.07170509174466,114.0,3.859999895095825,124.0,2.5380001068115234
2021-11-23 16:59:04+00:00,52.13169939815998,21.07172160409391,114.0,6.860000133514404,125.0,2.677999973297119
2021-11-23 16:59:05+00:00,52.13166763074696,21.071733171120286,114.0,10.470000267028809,127.0,2.687000036239624
2021-11-23 16:59:06+00:00,52.13163988664746,21.071735098958015,114.0,13.449999809265137,128.0,2.7149999141693115
2021-11-23 16:59:07+00:00,52.1316156629473,21.071744486689568,114.19999694824219,16.229999542236328,129.0,2.809000015258789
2021-11-23 16:59:08+00:00,52.13158733211458,21.07175974175334,114.4000015258789,19.530000686645508,130.0,2.809000015258789
2021-11-23 16:59:09+00:00,52.131563778966665,21.071777511388063,114.5999984741211,22.399999618530273,131.0,2.7899999618530273
2021-11-23 16:59:10+00:00,52.131536453962326,21.071802489459515,114.5999984741211,25.850000381469727,132.0,2.7709999084472656
2021-11-23 16:59:11+00:00,52.13150921277702,21.07182906009257,114.5999984741211,29.3700008392334,133.0,2.7709999084472656
2021-11-23 16:59:12+00:00,52.13148322887719,21.071851523593068,114.5999984741211,32.630001068115234,134.0,2.7809998989105225
2021-11-23 16:59:13+00:00,52.131457664072514,21.071876334026456,114.4000015258789,35.91999816894531,135.0,2.818000078201294
2021-11-23 16:59:14+00:00,52.13143050670624,21.07190055772662,114.4000015258789,39.36000061035156,136.0,2.8459999561309814
2021-11-23 16:59:15+00:00,52.13140670210123,21.071917405351996,114.4000015258789,42.25,136.0,2.882999897003174
2021-11-23 16:59:16+00:00,52.13138272985816,21.071933498606086,114.19999694824219,45.130001068115234,138.0,2.9110000133514404
2021-11-23 16:59:17+00:00,52.13135724887252,21.071948166936636,114.19999694824219,48.130001068115234,138.0,2.938999891281128
2021-11-23 16:59:18+00:00,52.13133436627686,21.07196794822812,114.19999694824219,51.0099983215332,139.0,2.9579999446868896
2021-11-23 16:59:19+00:00,52.13131047785282,21.071990579366684,114.19999694824219,54.06999969482422,140.0,2.9670000076293945
2021-11-23 16:59:20+00:00,52.13128164410591,21.072012959048152,114.19999694824219,57.630001068115234,141.0,2.9860000610351562
2021-11-23 16:59:21+00:00,52.131251469254494,21.07203433290124,114.19999694824219,61.279998779296875,141.0,2.9860000610351562
2021-11-23 16:59:22+00:00,52.13122825138271,21.07205092906952,114.19999694824219,64.11000061035156,141.0,3.003999948501587
2021-11-23 16:59:23+00:00,52.13120578788221,21.072075655683875,114.19999694824219,67.12000274658203,142.0,3.003999948501587
2021-11-23 16:59:24+00:00,52.13118089362979,21.07210423797369,114.19999694824219,70.47000122070312,142.0,3.003999948501587
2021-11-23 16:59:25+00:00,52.13115843012929,21.07213265262544,114.19999694824219,73.55999755859375,143.0,3.003999948501587
2021-11-23 16:59:26+00:00,52.13112800382078,21.072163749486208,114.19999694824219,77.55000305175781,143.0,3.003999948501587
2021-11-23 16:59:27+00:00,52.13110411539674,21.072189984843135,114.4000015258789,80.76000213623047,143.0,3.0139999389648438
2021-11-23 16:59:28+00:00,52.131077125668526,21.07221756130457,114.4000015258789,84.30000305175781,144.0,3.0230000019073486
2021-11-23 16:59:29+00:00,52.13105005212128,21.072238264605403,114.4000015258789,87.62999725341797,144.0,3.0420000553131104
2021-11-23 16:59:30+00:00,52.13102440349758,21.07226248830557,114.4000015258789,90.93000030517578,144.0,3.059999942779541
2021-11-23 16:59:31+00:00,52.13099188171327,21.072289813309908,114.4000015258789,95.01000213623047,144.0,3.0789999961853027
2021-11-23 16:59:32+00:00,52.13096237741411,21.07231345027685,114.4000015258789,98.66000366210938,145.0,3.0980000495910645
2021-11-23 16:59:33+00:00,52.13093086145818,21.07233725488186,114.5999984741211,102.5199966430664,145.0,3.115999937057495
2021-11-23 16:59:34+00:00,52.130894316360354,21.07235644944012,114.5999984741211,106.7699966430664,145.0,3.125999927520752
2021-11-23 16:59:35+00:00,52.1308555919677,21.072377990931273,114.5999984741211,111.29000091552734,145.0,3.134999990463257
2021-11-23 16:59:36+00:00,52.13083874434233,21.072381176054478,114.80000305175781,113.0199966430664,146.0,3.1440000534057617
2021-11-23 16:59:37+00:00,52.13081586174667,21.072389390319586,115.0,115.54000091552734,146.0,3.1540000438690186
2021-11-23 16:59:38+00:00,52.130793649703264,21.072400119155645,115.19999694824219,118.12000274658203,146.0,3.1070001125335693
2021-11-23 16:59:39+00:00,52.130768755450845,21.072421493008733,115.4000015258789,121.25,147.0,3.0510001182556152
2021-11-23 16:59:40+00:00,52.13073925115168,21.072443118318915,115.4000015258789,124.8499984741211,147.0,3.0510001182556152
2021-11-23 16:59:41+00:00,52.13071125559509,21.072466420009732,115.4000015258789,128.35000610351562,146.0,3.0980000495910645
2021-11-23 16:59:42+00:00,52.130678314715624,21.072495756670833,115.4000015258789,132.52999877929688,147.0,3.0980000495910645
2021-11-23 16:59:43+00:00,52.13064822368324,21.072523668408394,115.4000015258789,136.36000061035156,148.0,3.0880000591278076
2021-11-23 16:59:44+00:00,52.13062500581145,21.072548059746623,115.5999984741211,139.39999389648438,147.0,3.0880000591278076
2021-11-23 16:59:45+00:00,52.130592400208116,21.072583934292197,115.80000305175781,143.77000427246094,148.0,3.0880000591278076
2021-11-23 16:59:46+00:00,52.13056574575603,21.07261880300939,115.80000305175781,147.57000732421875,148.0,3.0880000591278076
2021-11-23 16:59:47+00:00,52.130543533712626,21.07264654710889,115.80000305175781,150.64999389648438,148.0,3.0880000591278076
2021-11-23 16:59:48+00:00,52.130520064383745,21.072670938447118,115.80000305175781,153.72999572753906,147.0,3.0880000591278076
2021-11-23 16:59:49+00:00,52.13050086982548,21.07269197702408,115.80000305175781,156.27999877929688,148.0,3.0789999961853027
2021-11-23 16:59:50+00:00,52.13048645295203,21.072704633697867,116.0,158.11000061035156,148.0,3.0880000591278076
2021-11-23 16:59:51+00:00,52.13046692311764,21.072727600112557,116.0,160.77000427246094,148.0,3.0789999961853027
2021-11-23 16:59:52+00:00,52.1304499078542,21.07273707166314,116.0,162.77000427246094,149.0,3.069999933242798
2021-11-23 16:59:53+00:00,52.13042987510562,21.07275710441172,116.0,165.38999938964844,149.0,3.069999933242798
2021-11-23 16:59:54+00:00,52.130404729396105,21.07278350740671,116.19999694824219,168.7100067138672,149.0,3.059999942779541
2021-11-23 16:59:55+00:00,52.13038201443851,21.072804210707545,116.19999694824219,171.61000061035156,149.0,3.059999942779541
2021-11-23 16:59:56+00:00,52.13036055676639,21.07282013632357,116.4000015258789,174.22999572753906,149.0,3.0510001182556152
2021-11-23 16:59:57+00:00,52.13032828643918,21.072849221527576,116.4000015258789,178.19000244140625,149.0,3.0510001182556152
2021-11-23 16:59:58+00:00,52.13029928505421,21.072865230962634,116.4000015258789,181.52999877929688,149.0,3.0510001182556152
2021-11-23 16:59:59+00:00,52.130271792411804,21.072873948141932,116.5999984741211,184.4499969482422,149.0,3.0510001182556152
2021-11-23 17:00:00+00:00,52.130245473235846,21.072893477976322,116.5999984741211,187.63999938964844,150.0,3.0510001182556152
2021-11-23 17:00:01+00:00,52.13022418320179,21.072912085801363,116.5999984741211,190.27999877929688,150.0,3.0510001182556152
2021-11-23 17:00:02+00:00,52.130197025835514,21.07292700558901,116.5999984741211,193.4600067138672,150.0,3.0510001182556152
2021-11-23 17:00:03+00:00,52.130164755508304,21.072951396927238,116.5999984741211,197.32000732421875,150.0,3.0510001182556152
2021-11-23 17:00:04+00:00,52.13013273663819,21.07296807691455,116.5999984741211,201.0399932861328,150.0,3.059999942779541
2021-11-23 17:00:05+00:00,52.13009677827358,21.072980063036084,116.80000305175781,205.05999755859375,150.0,3.0789999961853027
2021-11-23 17:00:06+00:00,52.130069537088275,21.072986433282495,116.80000305175781,208.02999877929688,150.0,3.0980000495910645
2021-11-23 17:00:07+00:00,52.130031818524,21.073002442717552,117.19999694824219,212.32000732421875,151.0,3.1070001125335693
2021-11-23 17:00:08+00:00,52.12998999282718,21.07301593758166,117.4000015258789,216.99000549316406,151.0,3.115999937057495
2021-11-23 17:00:09+00:00,52.12996182963252,21.07302390038967,117.5999984741211,220.07000732421875,151.0,3.134999990463257
2021-11-23 17:00:10+00:00,52.12993199005723,21.0730258282274,117.5999984741211,223.32000732421875,151.0,3.1630001068115234
2021-11-23 17:00:11+00:00,52.1299041621387,21.073039658367634,117.80000305175781,226.5399932861328,151.0,3.181999921798706
2021-11-23 17:00:12+00:00,52.12987616658211,21.073059188202024,117.80000305175781,229.92999267578125,151.0,3.2100000381469727
2021-11-23 17:00:13+00:00,52.12985085323453,21.0730863455683,118.0,233.3000030517578,152.0,3.2190001010894775
2021-11-23 17:00:14+00:00,52.12982973083854,21.073109982535243,118.0,236.1199951171875,152.0,3.2279999256134033
2021-11-23 17:00:15+00:00,52.12979997508228,21.07314837165177,118.0,240.25,152.0,3.23799991607666
2021-11-23 17:00:16+00:00,52.12977206334472,21.073171673342586,118.0,243.75,152.0,3.246999979019165
2021-11-23 17:00:17+00:00,52.12975739501417,21.073197489604354,118.0,246.0500030517578,152.0,3.25600004196167
2021-11-23 17:00:18+00:00,52.12974289432168,21.073222551494837,118.0,248.3000030517578,152.0,3.25600004196167
2021-11-23 17:00:19+00:00,52.12972713634372,21.07325356453657,118.0,250.8699951171875,152.0,3.246999979019165
2021-11-23 17:00:20+00:00,52.12970710359514,21.073282901197672,118.0,253.7899932861328,152.0,3.2279999256134033
2021-11-23 17:00:21+00:00,52.129686484113336,21.07330771163106,117.80000305175781,256.6199951171875,152.0,3.2190001010894775
2021-11-23 17:00:22+00:00,52.12966703809798,21.073323134332895,117.80000305175781,259.0199890136719,152.0,3.2100000381469727
2021-11-23 17:00:23+00:00,52.12964524514973,21.07333419844508,118.0,261.55999755859375,152.0,3.200000047683716
2021-11-23 17:00:24+00:00,52.12961733341217,21.07335951179266,118.0,265.1099853515625,152.0,3.190999984741211
2021-11-23 17:00:25+00:00,52.129597971215844,21.07338792644441,118.0,268.0,152.0,3.1630001068115234
2021-11-23 17:00:26+00:00,52.12957718409598,21.07341223396361,118.0,270.8299865722656,152.0,3.1540000438690186
2021-11-23 17:00:27+00:00,52.129560336470604,21.07343033887446,118.0,273.07000732421875,152.0,3.134999990463257
2021-11-23 17:00:28+00:00,52.12953527458012,21.07345439493656,118.19999694824219,276.30999755859375,152.0,3.125999927520752
2021-11-23 17:00:29+00:00,52.12951582856476,21.07347233220935,118.0,278.7900085449219,152.0,3.1070001125335693
2021-11-23 17:00:30+00:00,52.12949914857745,21.0734904371202,118.0,281.0199890136719,152.0,3.0880000591278076
2021-11-23 17:00:31+00:00,52.12947375141084,21.07351189479232,118.0,284.19000244140625,152.0,3.059999942779541
2021-11-23 17:00:32+00:00,52.129448521882296,21.07353343628347,118.0,287.3500061035156,153.0,3.0510001182556152
2021-11-23 17:00:33+00:00,52.129423124715686,21.07355506159365,118.0,290.5,153.0,3.0420000553131104
2021-11-23 17:00:34+00:00,52.12939755991101,21.07357895001769,118.19999694824219,293.7699890136719,153.0,3.0420000553131104
2021-11-23 17:00:35+00:00,52.12937258183956,21.07357299886644,118.19999694824219,296.3399963378906,154.0,3.0320000648498535
2021-11-23 17:00:36+00:00,52.129344921559095,21.073576267808676,118.19999694824219,299.3599853515625,153.0,3.0320000648498535
2021-11-23 17:00:37+00:00,52.129317093640566,21.073586912825704,118.0,302.5199890136719,153.0,3.0320000648498535
2021-11-23 17:00:38+00:00,52.12928934954107,21.073599318042397,118.0,305.6400146484375,153.0,3.0320000648498535
2021-11-23 17:00:39+00:00,52.12925372645259,21.073618847876787,118.19999694824219,309.80999755859375,153.0,3.0320000648498535
2021-11-23 17:00:40+00:00,52.12922003120184,21.073644161224365,118.19999694824219,313.94000244140625,153.0,3.0320000648498535
2021-11-23 17:00:41+00:00,52.12919413112104,21.073671150952578,118.19999694824219,317.3599853515625,154.0,3.0320000648498535
2021-11-23 17:00:42+00:00,52.12917258962989,21.073684226721525,118.19999694824219,319.9200134277344,154.0,3.0420000553131104
2021-11-23 17:00:43+00:00,52.129152892157435,21.073683388531208,118.19999694824219,321.9800109863281,154.0,3.0420000553131104
2021-11-23 17:00:44+00:00,52.12912439368665,21.07369470410049,118.19999694824219,325.1700134277344,154.0,3.0420000553131104
2021-11-23 17:00:45+00:00,52.12909983471036,21.07370736077428,118.4000015258789,328.0299987792969,154.0,3.0320000648498535
2021-11-23 17:00:46+00:00,52.12907577864826,21.073723789304495,118.4000015258789,330.9200134277344,154.0,3.0320000648498535
2021-11-23 17:00:47+00:00,52.12905624881387,21.073741810396314,118.4000015258789,333.4200134277344,154.0,3.0230000019073486
2021-11-23 17:00:48+00:00,52.1290148422122,21.073783803731203,118.5999984741211,338.8299865722656,154.0,3.0230000019073486
2021-11-23 17:00:49+00:00,52.128987181931734,21.07381288893521,118.5999984741211,342.4700012207031,154.0,3.0230000019073486
2021-11-23 17:00:50+00:00,52.12896547280252,21.073838034644723,118.5999984741211,345.3900146484375,154.0,3.0230000019073486
2021-11-23 17:00:51+00:00,52.12894359603524,21.073866365477443,118.5999984741211,348.44000244140625,154.0,3.0230000019073486
2021-11-23 17:00:52+00:00,52.12891962379217,21.073895785957575,118.5999984741211,351.75,154.0,3.0139999389648438
2021-11-23 17:00:53+00:00,52.128897830843925,21.073924619704485,118.5999984741211,354.8299865722656,154.0,3.003999948501587
2021-11-23 17:00:54+00:00,52.12887511588633,21.07395119033754,118.4000015258789,357.92999267578125,154.0,3.003999948501587
2021-11-23 17:00:55+00:00,52.128848880529404,21.073970887809992,118.4000015258789,361.1400146484375,154.0,3.003999948501587
2021-11-23 17:00:56+00:00,52.128826417028904,21.07399075292051,118.4000015258789,363.9800109863281,154.0,3.003999948501587
2021-11-23 17:00:57+00:00,52.12880470789969,21.07401279732585,118.19999694824219,366.80999755859375,153.0,3.003999948501587
2021-11-23 17:00:58+00:00,52.12878224439919,21.07403425499797,118.19999694824219,369.7099914550781,154.0,3.003999948501587
2021-11-23 17:00:59+00:00,52.128761457279325,21.07404942624271,118.19999694824219,372.239990234375,153.0,3.003999948501587
2021-11-23 17:01:00+00:00,52.128739496693015,21.07406903989613,118.19999694824219,375.0199890136719,153.0,3.0139999389648438
2021-11-23 17:01:01+00:00,52.12871837429702,21.074086390435696,118.19999694824219,377.6600036621094,153.0,3.0139999389648438
2021-11-23 17:01:02+00:00,52.128699431195855,21.074101058766246,118.19999694824219,379.989990234375,153.0,3.0139999389648438
2021-11-23 17:01:03+00:00,52.128679398447275,21.07412268407643,118.19999694824219,382.6400146484375,154.0,3.0230000019073486
2021-11-23 17:01:04+00:00,52.12866062298417,21.074148332700133,118.19999694824219,385.30999755859375,154.0,3.0230000019073486
2021-11-23 17:01:05+00:00,52.12864050641656,21.07417364604771,118.19999694824219,388.1000061035156,154.0,3.0230000019073486
2021-11-23 17:01:06+00:00,52.12862097658217,21.074191834777594,118.19999694824219,390.6000061035156,154.0,3.0230000019073486
2021-11-23 17:01:07+00:00,52.12860630825162,21.074201054871082,118.19999694824219,392.3299865722656,154.0,3.0230000019073486
2021-11-23 17:01:08+00:00,52.1285933163017,21.074213292449713,118.4000015258789,394.0,153.0,3.0139999389648438
2021-11-23 17:01:09+00:00,52.128573367372155,21.074230475351214,118.4000015258789,396.5,153.0,3.0139999389648438
2021-11-23 17:01:10+00:00,52.12855350226164,21.074247490614653,118.5999984741211,399.0,153.0,2.994999885559082
2021-11-23 17:01:11+00:00,52.12852969765663,21.07426836155355,118.5999984741211,402.010009765625,153.0,2.994999885559082
2021-11-23 17:01:12+00:00,52.12850823998451,21.074288561940193,118.5999984741211,404.760009765625,153.0,2.994999885559082
2021-11-23 17:01:13+00:00,52.128488291054964,21.07430649921298,118.5999984741211,407.29998779296875,153.0,2.994999885559082
2021-11-23 17:01:14+00:00,52.12847010232508,21.07432217337191,118.80000305175781,409.5899963378906,154.0,2.994999885559082
2021-11-23 17:01:15+00:00,52.12845208123326,21.074336925521493,118.80000305175781,411.8299865722656,153.0,2.994999885559082
2021-11-23 17:01:16+00:00,52.12843045592308,21.07435972429812,118.80000305175781,414.67999267578125,154.0,2.9860000610351562
2021-11-23 17:01:17+00:00,52.12840547785163,21.07438470236957,118.80000305175781,417.92999267578125,153.0,2.9670000076293945
2021-11-23 17:01:18+00:00,52.12838318198919,21.07440180145204,118.80000305175781,420.6700134277344,153.0,2.947999954223633
2021-11-23 17:01:19+00:00,52.12836264632642,21.07441797852516,119.0,423.20001220703125,153.0,2.938999891281128
2021-11-23 17:01:20+00:00,52.12834135629237,21.074436586350203,119.0,425.8900146484375,154.0,2.930000066757202
2021-11-23 17:01:21+00:00,52.12832090444863,21.074450332671404,119.0,428.3500061035156,153.0,2.9110000133514404
2021-11-23 17:01:22+00:00,52.12830078788102,21.074464665725827,119.0,430.7900085449219,153.0,2.9110000133514404
2021-11-23 17:01:23+00:00,52.128280671313405,21.07448293827474,119.0,433.3599853515625,154.0,2.9019999504089355
2021-11-23 17:01:24+00:00,52.12826055474579,21.074498360976577,119.0,435.82000732421875,153.0,2.8929998874664307
2021-11-23 17:01:25+00:00,52.12824169546366,21.074509844183922,119.19999694824219,438.05999755859375,153.0,2.882999897003174
2021-11-23 17:01:26+00:00,52.12822359055281,21.07451847754419,119.19999694824219,440.1600036621094,153.0,2.874000072479248
2021-11-23 17:01:27+00:00,52.128203893080354,21.074528703466058,119.4000015258789,442.4599914550781,153.0,2.865000009536743
2021-11-23 17:01:28+00:00,52.12818285450339,21.074536330997944,119.4000015258789,444.8599853515625,153.0,2.865000009536743
2021-11-23 17:01:29+00:00,52.128164833411574,21.074549574404955,119.4000015258789,447.05999755859375,153.0,2.865000009536743
2021-11-23 17:01:30+00:00,52.12814471684396,21.07457128353417,119.5999984741211,449.75,153.0,2.8550000190734863
2021-11-23 17:01:31+00:00,52.128124265000224,21.0745938308537,119.5999984741211,452.489990234375,152.0,2.8269999027252197
2021-11-23 17:01:32+00:00,52.12810632772744,21.07461143285036,119.80000305175781,454.82000732421875,152.0,2.818000078201294
2021-11-23 17:01:33+00:00,52.128087719902396,21.074634566903114,119.80000305175781,457.42999267578125,152.0,2.7990000247955322
2021-11-23 17:01:34+00:00,52.12806802242994,21.07465879060328,120.0,460.1700134277344,152.0,2.7809998989105225
2021-11-23 17:01:35+00:00,52.128041703253984,21.074676727876067,120.0,463.3500061035156,153.0,2.7809998989105225
2021-11-23 17:01:36+00:00,52.12801571935415,21.074696760624647,120.0,466.5400085449219,153.0,2.7899999618530273
2021-11-23 17:01:37+00:00,52.127983113750815,21.07472324743867,120.0,470.5899963378906,153.0,2.7990000247955322
2021-11-23 17:01:38+00:00,52.12796073406935,21.07473263517022,120.19999694824219,473.1600036621094,153.0,2.809000015258789
2021-11-23 17:01:39+00:00,52.127941539511085,21.074726097285748,120.19999694824219,475.29998779296875,153.0,2.809000015258789
2021-11-23 17:01:40+00:00,52.12792066857219,21.074709920212626,120.19999694824219,477.8299865722656,153.0,2.818000078201294
2021-11-23 17:01:41+00:00,52.12789870798588,21.074688462540507,120.19999694824219,480.67999267578125,153.0,2.818000078201294
2021-11-23 17:01:42+00:00,52.12787540629506,21.074667843058705,120.19999694824219,483.6300048828125,153.0,2.8269999027252197
2021-11-23 17:01:43+00:00,52.1278527751565,21.074658036231995,120.19999694824219,486.2300109863281,152.0,2.8269999027252197
2021-11-23 17:01:44+00:00,52.12782779708505,21.074661891907454,120.19999694824219,488.989990234375,153.0,2.8269999027252197
2021-11-23 17:01:45+00:00,52.12780633941293,21.07467538677156,120.4000015258789,491.489990234375,153.0,2.818000078201294
2021-11-23 17:01:46+00:00,52.12778437882662,21.07469198293984,120.4000015258789,494.1600036621094,153.0,2.818000078201294
2021-11-23 17:01:47+00:00,52.12775965221226,21.074718553572893,120.4000015258789,497.42999267578125,153.0,2.818000078201294
2021-11-23 17:01:48+00:00,52.127736853435636,21.07473556883633,120.5999984741211,500.2200012207031,154.0,2.818000078201294
2021-11-23 17:01:49+00:00,52.127716317772865,21.074756355956197,120.5999984741211,502.9100036621094,154.0,2.8269999027252197
2021-11-23 17:01:50+00:00,52.127693854272366,21.074776221066713,120.80000305175781,505.75,153.0,2.8369998931884766
2021-11-23 17:01:51+00:00,52.12767457589507,21.074792314320803,120.80000305175781,508.1600036621094,154.0,2.8459999561309814
2021-11-23 17:01:52+00:00,52.127643981948495,21.074814442545176,121.0,511.8900146484375,154.0,2.8459999561309814
2021-11-23 17:01:53+00:00,52.127622524276376,21.074829949066043,121.0,514.5,153.0,2.8459999561309814
2021-11-23 17:01:54+00:00,52.127599976956844,21.074847299605608,121.0,517.280029296875,153.0,2.8459999561309814
2021-11-23 17:01:55+00:00,52.12758220732212,21.07485920190811,121.0,519.4099731445312,153.0,2.8550000190734863
2021-11-23 17:01:56+00:00,52.12755446322262,21.074877055361867,121.19999694824219,522.72998046875,153.0,2.8550000190734863
2021-11-23 17:01:57+00:00,52.127530155703425,21.07489583082497,121.19999694824219,525.719970703125,153.0,2.8550000190734863
2021-11-23 17:01:58+00:00,52.12750383652747,21.074914438650012,121.19999694824219,528.9199829101562,153.0,2.8550000190734863
2021-11-23 17:01:59+00:00,52.127479864284396,21.074929274618626,121.19999694824219,531.77001953125,153.0,2.865000009536743
2021-11-23 17:02:00+00:00,52.12745807133615,21.074942853301764,121.19999694824219,534.3599853515625,153.0,2.865000009536743
2021-11-23 17:02:01+00:00,52.12745807133615,21.074942853301764,121.19999694824219,534.3599853515625,153.0,2.874000072479248
2021-11-23 17:02:02+00:00,52.12742228060961,21.074982164427638,121.4000015258789,539.2000122070312,154.0,2.882999897003174
2021-11-23 17:02:03+00:00,52.12740476243198,21.07501979917288,121.19999694824219,542.4299926757812,153.0,2.882999897003174
2021-11-23 17:02:04+00:00,52.12739646434784,21.075058775022626,121.19999694824219,545.239990234375,154.0,2.8929998874664307
2021-11-23 17:02:05+00:00,52.12739705108106,21.075094817206264,121.0,547.7100219726562,153.0,2.8929998874664307
2021-11-23 17:02:06+00:00,52.12740870192647,21.075128093361855,121.0,550.3200073242188,154.0,2.8929998874664307
2021-11-23 17:02:07+00:00,52.127422699704766,21.075161369517446,121.0,553.02001953125,153.0,2.8929998874664307
2021-11-23 17:02:08+00:00,52.1274346858263,21.075199088081717,120.80000305175781,555.9199829101562,153.0,2.8929998874664307
2021-11-23 17:02:09+00:00,52.127448599785566,21.075235046446323,120.80000305175781,558.7100219726562,153.0,2.882999897003174
2021-11-23 17:02:10+00:00,52.12745916098356,21.075272345915437,120.5999984741211,561.52001953125,154.0,2.882999897003174
2021-11-23 17:02:11+00:00,52.127471063286066,21.075307549908757,120.5999984741211,564.27001953125,153.0,2.882999897003174
2021-11-23 17:02:12+00:00,52.12748480960727,21.075339233502746,120.5999984741211,566.9099731445312,154.0,2.882999897003174
2021-11-23 17:02:13+00:00,52.12749436497688,21.075374521315098,120.5999984741211,569.5499877929688,153.0,2.874000072479248
2021-11-23 17:02:14+00:00,52.12750601582229,21.075409557670355,120.5999984741211,572.27001953125,153.0,2.874000072479248
2021-11-23 17:02:15+00:00,52.12751858867705,21.075446270406246,120.5999984741211,575.1400146484375,153.0,2.865000009536743
2021-11-23 17:02:16+00:00,52.12753132916987,21.075484910979867,120.80000305175781,578.1400146484375,153.0,2.865000009536743
2021-11-23 17:02:17+00:00,52.12754398584366,21.075521539896727,120.80000305175781,581.010009765625,153.0,2.8550000190734863
2021-11-23 17:02:18+00:00,52.12755429558456,21.07555640861392,121.0,583.6500244140625,153.0,2.8459999561309814
2021-11-23 17:02:19+00:00,52.12756359949708,21.075594294816256,121.0,586.4299926757812,153.0,2.8459999561309814
2021-11-23 17:02:20+00:00,52.12757206521928,21.0756335221231,121.0,589.25,153.0,2.8369998931884766
2021-11-23 17:02:21+00:00,52.12758170440793,21.07567417435348,121.0,592.2100219726562,153.0,2.8369998931884766
2021-11-23 17:02:22+00:00,52.12759285233915,21.075712982565165,121.0,595.0999755859375,153.0,2.8369998931884766
2021-11-23 17:02:23+00:00,52.12760475464165,21.075753131881356,121.0,598.1300048828125,154.0,2.8369998931884766
2021-11-23 17:02:24+00:00,52.12761531583965,21.075793784111738,121.0,601.1400146484375,153.0,2.8269999027252197
2021-11-23 17:02:25+00:00,52.12762411683798,21.075832759961486,121.0,603.969970703125,154.0,2.8269999027252197
2021-11-23 17:02:26+00:00,52.127633672207594,21.07587542384863,121.0,607.0800170898438,154.0,2.8269999027252197
2021-11-23 17:02:27+00:00,52.12764163501561,21.075916830450296,121.0,610.0399780273438,154.0,2.8269999027252197
2021-11-23 17:02:28+00:00,52.12765018455684,21.075953291729093,121.0,612.6799926757812,154.0,2.8369998931884766
2021-11-23 17:02:29+00:00,52.1276574768126,21.075995955616236,121.0,615.7000122070312,154.0,2.8369998931884766
2021-11-23 17:02:30+00:00,52.127665942534804,21.076041469350457,121.0,618.9500122070312,154.0,2.8369998931884766
2021-11-23 17:02:31+00:00,52.12767826393247,21.076079020276666,121.0,621.8400268554688,154.0,2.8369998931884766
2021-11-23 17:02:32+00:00,52.12768907658756,21.076114643365145,121.19999694824219,624.52001953125,154.0,2.8369998931884766
2021-11-23 17:02:33+00:00,52.127696285024285,21.07615345157683,121.0,627.2899780273438,154.0,2.8369998931884766
2021-11-23 17:02:34+00:00,52.12770617567003,21.076187901198864,121.19999694824219,629.8699951171875,154.0,2.8369998931884766
2021-11-23 17:02:35+00:00,52.12771941907704,21.07622478157282,121.19999694824219,632.719970703125,154.0,2.8369998931884766
2021-11-23 17:02:36+00:00,52.12773065082729,21.07626300305128,121.0,635.5800170898438,154.0,2.8369998931884766
2021-11-23 17:02:37+00:00,52.1277423016727,21.07630298472941,121.0,638.5900268554688,154.0,2.8369998931884766
2021-11-23 17:02:38+00:00,52.127749510109425,21.076346319168806,121.0,641.6599731445312,154.0,2.8369998931884766
2021-11-23 17:02:39+00:00,52.127754371613264,21.07639250345528,121.0,644.8699951171875,154.0,2.8369998931884766
2021-11-23 17:02:40+00:00,52.1277576405555,21.07643885537982,121.0,648.0399780273438,154.0,2.8369998931884766
2021-11-23 17:02:41+00:00,52.12775990366936,21.076485123485327,121.0,651.219970703125,154.0,2.8369998931884766
2021-11-23 17:02:42+00:00,52.12776543572545,21.076526697725058,121.0,654.1300048828125,154.0,2.8369998931884766
2021-11-23 17:02:43+00:00,52.1277782600373,21.076578330248594,121.0,657.8200073242188,154.0,2.8369998931884766
2021-11-23 17:02:44+00:00,52.127796951681376,21.07661923393607,121.0,660.7899780273438,154.0,2.8369998931884766
2021-11-23 17:02:45+00:00,52.12780826725066,21.076659047976136,120.80000305175781,663.6099853515625,154.0,2.8459999561309814
2021-11-23 17:02:46+00:00,52.12782117538154,21.07670129276812,120.80000305175781,666.6699829101562,154.0,2.8459999561309814
2021-11-23 17:02:47+00:00,52.12783316150308,21.076740687713027,120.80000305175781,669.5999755859375,154.0,2.8459999561309814
2021-11-23 17:02:48+00:00,52.12784506380558,21.076775891706347,120.5999984741211,672.3499755859375,153.0,2.8550000190734863
2021-11-23 17:02:49+00:00,52.1278562117368,21.07680237852037,120.5999984741211,674.52001953125,154.0,2.8550000190734863
2021-11-23 17:02:50+00:00,52.12787289172411,21.07683657668531,120.5999984741211,677.4199829101562,153.0,2.8550000190734863
2021-11-23 17:02:51+00:00,52.12788563221693,21.076870691031218,120.5999984741211,680.1199951171875,153.0,2.865000009536743
2021-11-23 17:02:52+00:00,52.12788563221693,21.076870691031218,120.4000015258789,680.1199951171875,153.0,2.865000009536743
2021-11-23 17:02:53+00:00,52.127894600853324,21.076953671872616,120.4000015258789,685.8699951171875,153.0,2.865000009536743
2021-11-23 17:02:54+00:00,52.127895103767514,21.077001867815852,120.4000015258789,689.1599731445312,152.0,2.865000009536743
2021-11-23 17:02:55+00:00,52.12789535522461,21.0770477168262,120.4000015258789,692.2999877929688,153.0,2.865000009536743
2021-11-23 17:02:56+00:00,52.12789686396718,21.077091554179788,120.4000015258789,695.2899780273438,153.0,2.865000009536743
2021-11-23 17:02:57+00:00,52.12790465913713,21.077134553343058,120.4000015258789,698.3099975585938,153.0,2.8550000190734863
2021-11-23 17:02:58+00:00,52.12790893390775,21.077173026278615,120.4000015258789,700.97998046875,153.0,2.8550000190734863
2021-11-23 17:02:59+00:00,52.12791622616351,21.077211499214172,120.4000015258789,703.72998046875,154.0,2.8550000190734863
2021-11-23 17:03:00+00:00,52.12792117148638,21.077253241091967,120.4000015258789,706.6199951171875,153.0,2.8550000190734863
2021-11-23 17:03:01+00:00,52.12792553007603,21.077293809503317,120.5999984741211,709.4299926757812,154.0,2.8459999561309814
2021-11-23 17:03:02+00:00,52.12793852202594,21.077332450076938,120.5999984741211,712.4299926757812,154.0,2.8459999561309814
2021-11-23 17:03:03+00:00,52.12795059196651,21.07737268321216,120.5999984741211,715.489990234375,154.0,2.8459999561309814
2021-11-23 17:03:04+00:00,52.12796132080257,21.077407719567418,120.4000015258789,718.1400146484375,153.0,2.8459999561309814
2021-11-23 17:03:05+00:00,52.127969451248646,21.077444599941373,120.5999984741211,720.8200073242188,154.0,2.8459999561309814
2021-11-23 17:03:06+00:00,52.127980682998896,21.077484665438533,120.5999984741211,723.8400268554688,153.0,2.8459999561309814
2021-11-23 17:03:07+00:00,52.12799208238721,21.07752556912601,120.4000015258789,726.9099731445312,153.0,2.8459999561309814
2021-11-23 17:03:08+00:00,52.127996776252985,21.077568484470248,120.4000015258789,729.9000244140625,153.0,2.8459999561309814
2021-11-23 17:03:09+00:00,52.128002643585205,21.077611902728677,120.4000015258789,732.9400024414062,154.0,2.8459999561309814
2021-11-23 17:03:10+00:00,52.128005577251315,21.077656326815486,120.4000015258789,736.0,153.0,2.8459999561309814
2021-11-23 17:03:11+00:00,52.128007002174854,21.077702092006803,120.4000015258789,739.1400146484375,154.0,2.8459999561309814
2021-11-23 17:03:12+00:00,52.1280166413635,21.077742911875248,120.4000015258789,742.1300048828125,154.0,2.8459999561309814
2021-11-23 17:03:13+00:00,52.12802200578153,21.077791275456548,120.4000015258789,745.489990234375,154.0,2.8550000190734863
2021-11-23 17:03:14+00:00,52.12802452035248,21.077836537733674,120.19999694824219,748.5900268554688,154.0,2.8550000190734863
2021-11-23 17:03:15+00:00,52.12803105823696,21.07787584885955,120.19999694824219,751.3699951171875,155.0,2.8550000190734863
2021-11-23 17:03:16+00:00,52.128038266673684,21.077915746718645,120.19999694824219,754.1799926757812,155.0,2.8550000190734863
2021-11-23 17:03:17+00:00,52.12804581038654,21.077951537445188,120.0,756.75,155.0,2.865000009536743
2021-11-23 17:03:18+00:00,52.12805402465165,21.077987160533667,119.80000305175781,759.3499755859375,155.0,2.865000009536743
2021-11-23 17:03:19+00:00,52.12806450203061,21.07803041115403,120.0,762.5399780273438,155.0,2.865000009536743
2021-11-23 17:03:20+00:00,52.1280718781054,21.078070644289255,120.19999694824219,765.4099731445312,155.0,2.865000009536743
2021-11-23 17:03:21+00:00,52.128077410161495,21.0781045909971,120.19999694824219,767.8099975585938,155.0,2.865000009536743
2021-11-23 17:03:22+00:00,52.12808445096016,21.07814272865653,120.19999694824219,770.530029296875,155.0,2.865000009536743
2021-11-23 17:03:23+00:00,52.128092581406236,21.07818237505853,120.19999694824219,773.3900146484375,155.0,2.865000009536743
2021-11-23 17:03:24+00:00,52.128097862005234,21.078223697841167,120.19999694824219,776.260009765625,155.0,2.865000009536743
2021-11-23 17:03:25+00:00,52.12810548953712,21.078264769166708,120.19999694824219,779.2000122070312,155.0,2.8550000190734863
2021-11-23 17:03:26+00:00,52.128114961087704,21.078298464417458,120.19999694824219,781.739990234375,155.0,2.8550000190734863
2021-11-23 17:03:27+00:00,52.12812317535281,21.078333668410778,120.19999694824219,784.3099975585938,155.0,2.8550000190734863
2021-11-23 17:03:28+00:00,52.128129126504064,21.07837138697505,120.19999694824219,786.97998046875,155.0,2.8550000190734863
2021-11-23 17:03:29+00:00,52.12813516147435,21.07841488905251,120.19999694824219,790.030029296875,155.0,2.8459999561309814
2021-11-23 17:03:30+00:00,52.12814002297819,21.078456714749336,120.19999694824219,792.9400024414062,155.0,2.8459999561309814
2021-11-23 17:03:31+00:00,52.12814882397652,21.078496864065528,120.19999694824219,795.8499755859375,155.0,2.8459999561309814
2021-11-23 17:03:32+00:00,52.128156619146466,21.078527877107263,120.4000015258789,798.1400146484375,155.0,2.8459999561309814
2021-11-23 17:03:33+00:00,52.12816910818219,21.078572385013103,120.4000015258789,801.469970703125,155.0,2.8459999561309814
2021-11-23 17:03:34+00:00,52.12818184867501,21.078605158254504,120.4000015258789,804.1300048828125,155.0,2.8459999561309814
2021-11-23 17:03:35+00:00,52.12819727137685,21.07862737029791,120.4000015258789,806.3900146484375,155.0,2.8459999561309814
2021-11-23 17:03:36+00:00,52.128215711563826,21.07863566838205,120.19999694824219,808.52001953125,154.0,2.8369998931884766
2021-11-23 17:03:37+00:00,52.128236666321754,21.078634578734636,120.19999694824219,810.8400268554688,154.0,2.8369998931884766
2021-11-23 17:03:38+00:00,52.12825829163194,21.0786294657737,120.19999694824219,813.260009765625,154.0,2.8269999027252197
2021-11-23 17:03:39+00:00,52.128278659656644,21.078615384176373,120.0,815.6799926757812,153.0,2.8269999027252197
2021-11-23 17:03:40+00:00,52.12829986587167,21.078602811321616,119.80000305175781,818.1699829101562,154.0,2.8269999027252197
2021-11-23 17:03:41+00:00,52.128327107056975,21.078582359477878,119.80000305175781,821.489990234375,153.0,2.818000078201294
2021-11-23 17:03:42+00:00,52.12834621779621,21.078574983403087,119.80000305175781,823.6799926757812,153.0,2.818000078201294
2021-11-23 17:03:43+00:00,52.12837044149637,21.078565679490566,119.80000305175781,826.4400024414062,153.0,2.818000078201294
2021-11-23 17:03:44+00:00,52.12839215062559,21.07855754904449,119.5999984741211,828.9099731445312,153.0,2.818000078201294
2021-11-23 17:03:45+00:00,52.1284069865942,21.07855067588389,119.5999984741211,830.6300048828125,153.0,2.809000015258789
2021-11-23 17:03:46+00:00,52.12842567823827,21.078557800501585,119.5999984741211,832.6699829101562,152.0,2.809000015258789
2021-11-23 17:03:47+00:00,52.128446800634265,21.07855025678873,119.4000015258789,835.0700073242188,153.0,2.7990000247955322
2021-11-23 17:03:48+00:00,52.128465911373496,21.078541791066527,119.5999984741211,837.280029296875,152.0,2.7990000247955322
2021-11-23 17:03:49+00:00,52.12848619557917,21.078529888764024,119.4000015258789,839.6799926757812,153.0,2.7899999618530273
2021-11-23 17:03:50+00:00,52.128508826717734,21.078516310080886,119.4000015258789,842.3499755859375,152.0,2.7899999618530273
2021-11-23 17:03:51+00:00,52.12853539735079,21.078498037531972,119.4000015258789,845.5599975585938,153.0,2.7899999618530273
2021-11-23 17:03:52+00:00,52.12856146506965,21.07848479412496,119.5999984741211,848.5999755859375,153.0,2.7809998989105225
2021-11-23 17:03:53+00:00,52.128587951883674,21.078467862680554,119.5999984741211,851.760009765625,153.0,2.7809998989105225
2021-11-23 17:03:54+00:00,52.128609074279666,21.07846182771027,119.5999984741211,854.1300048828125,153.0,2.7809998989105225
2021-11-23 17:03:55+00:00,52.12863354943693,21.078454619273543,119.5999984741211,856.8800048828125,153.0,2.76200008392334
2021-11-23 17:03:56+00:00,52.128664730116725,21.0784412920475,119.5999984741211,860.4600219726562,153.0,2.743000030517578
2021-11-23 17:03:57+00:00,52.12870345450938,21.07841480523348,119.5999984741211,865.1199951171875,153.0,2.7249999046325684
2021-11-23 17:03:58+00:00,52.12873010896146,21.0783929284662,119.5999984741211,868.4400024414062,152.0,2.7249999046325684
2021-11-23 17:03:59+00:00,52.12876078672707,21.078376583755016,119.80000305175781,872.010009765625,152.0,2.743000030517578
2021-11-23 17:04:00+00:00,52.12878869846463,21.078358059749007,119.5999984741211,875.3400268554688,152.0,2.743000030517578
2021-11-23 17:04:01+00:00,52.12881786748767,21.07834557071328,119.80000305175781,878.7000122070312,152.0,2.753000020980835
2021-11-23 17:04:02+00:00,52.12884418666363,21.078331153839827,119.80000305175781,881.780029296875,152.0,2.76200008392334
2021-11-23 17:04:03+00:00,52.12886681780219,21.07831137254834,119.80000305175781,884.6400146484375,152.0,2.7709999084472656
2021-11-23 17:04:04+00:00,52.128887102007866,21.07829519547522,120.0,887.1500244140625,153.0,2.7709999084472656
2021-11-23 17:04:05+00:00,52.12890386581421,21.078287148848176,120.0,889.0900268554688,153.0,2.7809998989105225
2021-11-23 17:04:06+00:00,52.12891434319317,21.078284801915288,120.0,890.27001953125,153.0,2.7809998989105225
2021-11-23 17:04:07+00:00,52.128937896341085,21.0782790184021,120.0,892.9199829101562,153.0,2.7709999084472656
2021-11-23 17:04:08+00:00,52.128959354013205,21.078271307051182,120.0,895.3599853515625,154.0,2.753000020980835
2021-11-23 17:04:09+00:00,52.128983326256275,21.07825797982514,120.0,898.1900024414062,154.0,2.743000030517578
2021-11-23 17:04:10+00:00,52.128983326256275,21.07825797982514,120.0,898.1900024414062,155.0,2.7339999675750732
2021-11-23 17:04:11+00:00,52.129033701494336,21.078223111107945,120.0,904.2899780273438,155.0,2.7339999675750732
2021-11-23 17:04:12+00:00,52.12906027212739,21.078206850215793,120.19999694824219,907.4400024414062,155.0,2.753000020980835
2021-11-23 17:04:13+00:00,52.129088351503015,21.078197043389082,120.19999694824219,910.6199951171875,155.0,2.753000020980835
2021-11-23 17:04:14+00:00,52.12911802344024,21.078187404200435,120.0,913.97998046875,155.0,2.76200008392334
2021-11-23 17:04:15+00:00,52.12914367206395,21.078173657879233,120.0,916.97998046875,155.0,2.7709999084472656
2021-11-23 17:04:16+00:00,52.12916965596378,21.07815630733967,120.0,920.1099853515625,156.0,2.7809998989105225
2021-11-23 17:04:17+00:00,52.12919320911169,21.07814759016037,120.0,922.77001953125,155.0,2.7809998989105225
2021-11-23 17:04:18+00:00,52.12921718135476,21.07813334092498,119.80000305175781,925.6099853515625,155.0,2.7899999618530273
2021-11-23 17:04:19+00:00,52.129239309579134,21.07812118716538,119.80000305175781,928.2000122070312,155.0,2.7899999618530273
2021-11-23 17:04:20+00:00,52.129264706745744,21.07811087742448,119.80000305175781,931.1099853515625,155.0,2.7899999618530273
2021-11-23 17:04:21+00:00,52.12928499095142,21.078105680644512,119.80000305175781,933.3300170898438,154.0,2.7899999618530273
2021-11-23 17:04:22+00:00,52.12930326350033,21.07809344306588,119.80000305175781,935.510009765625,154.0,2.7899999618530273
2021-11-23 17:04:23+00:00,52.12932203896344,21.078079780563712,119.80000305175781,937.7999877929688,153.0,2.7809998989105225
2021-11-23 17:04:24+00:00,52.12934575974941,21.07806167565286,119.80000305175781,940.7100219726562,153.0,2.6689999103546143
2021-11-23 17:04:25+00:00,52.12936562485993,21.078044828027487,119.5999984741211,943.1799926757812,153.0,2.5850000381469727
2021-11-23 17:04:26+00:00,52.129387836903334,21.07803912833333,119.5999984741211,945.5999755859375,153.0,2.546999931335449
2021-11-23 17:04:27+00:00,52.12940728291869,21.078045330941677,119.5999984741211,947.4600219726562,153.0,2.509999990463257
2021-11-23 17:04:28+00:00,52.129439637064934,21.078039295971394,119.5999984741211,950.9299926757812,153.0,2.509999990463257
2021-11-23 17:04:29+00:00,52.129481295123696,21.078026220202446,119.4000015258789,955.4600219726562,153.0,2.5380001068115234
2021-11-23 17:04:30+00:00,52.12951901368797,21.078016413375735,119.4000015258789,959.5599975585938,153.0,2.565999984741211
2021-11-23 17:04:31+00:00,52.12955706752837,21.078016413375735,119.4000015258789,963.780029296875,153.0,2.5850000381469727
2021-11-23 17:04:32+00:00,52.12958766147494,21.078026723116636,119.19999694824219,967.25,153.0,2.63100004196167
2021-11-23 17:04:33+00:00,52.12961448356509,21.078036027029157,119.19999694824219,970.2999877929688,153.0,2.6410000324249268
2021-11-23 17:04:34+00:00,52.129646418616176,21.078034434467554,119.0,973.8400268554688,153.0,2.677999973297119
2021-11-23 17:04:35+00:00,52.12967500090599,21.078031919896603,119.0,977.030029296875,153.0,2.677999973297119
2021-11-23 17:04:36+00:00,52.12970467284322,21.078019347041845,119.0,980.4299926757812,153.0,2.697000026702881
2021-11-23 17:04:37+00:00,52.12973409332335,21.078004594892263,118.80000305175781,983.8499755859375,153.0,2.7060000896453857
2021-11-23 17:04:38+00:00,52.12976326234639,21.077986238524318,118.80000305175781,987.3300170898438,153.0,2.7060000896453857
2021-11-23 17:04:39+00:00,52.1297936886549,21.077969474717975,118.80000305175781,990.9099731445312,153.0,2.753000020980835
2021-11-23 17:04:40+00:00,52.12982193566859,21.077952375635505,118.5999984741211,994.260009765625,154.0,2.7709999084472656
2021-11-23 17:04:41+00:00,52.12984783574939,21.077938126400113,118.80000305175781,997.2999877929688,154.0,2.8369998931884766
2021-11-23 17:04:42+00:00,52.12987625040114,21.077925385907292,118.80000305175781,1000.5599975585938,154.0,2.874000072479248
2021-11-23 17:04:43+00:00,52.129907598719,21.07790417969227,118.5999984741211,1004.3400268554688,154.0,2.882999897003174
2021-11-23 17:04:43+00:00,52.129907598719,21.07790417969227,118.5999984741211,1004.3400268554688,154.0,2.882999897003174
2021-11-23 17:04:44+00:00,52.129939114674926,21.077878614887595,118.5999984741211,1008.260009765625,154.0,2.9019999504089355
2021-11-23 17:04:45+00:00,52.12996870279312,21.077857492491603,118.5999984741211,1011.8499755859375,154.0,2.930000066757202
2021-11-23 17:04:46+00:00,52.12999208830297,21.07784609310329,118.5999984741211,1014.5399780273438,154.0,2.9579999446868896
2021-11-23 17:04:47+00:00,52.13001061230898,21.077839890494943,118.5999984741211,1016.6099853515625,154.0,2.9760000705718994
2021-11-23 17:04:48+00:00,52.13002628646791,21.077840141952038,118.5999984741211,1018.219970703125,154.0,2.9760000705718994
2021-11-23 17:04:49+00:00,52.13005067780614,21.0778524633497,118.4000015258789,1020.5900268554688,154.0,2.9860000610351562
2021-11-23 17:04:50+00:00,52.13007749989629,21.077840477228165,118.5999984741211,1023.6799926757812,154.0,2.9860000610351562
2021-11-23 17:04:51+00:00,52.130101304501295,21.077835196629167,118.5999984741211,1026.3199462890625,154.0,2.9860000610351562
2021-11-23 17:04:52+00:00,52.13013617321849,21.07782949693501,118.5999984741211,1030.1700439453125,154.0,2.9019999504089355
2021-11-23 17:04:53+00:00,52.13016810826957,21.077830838039517,118.5999984741211,1033.6300048828125,154.0,2.9019999504089355
2021-11-23 17:04:54+00:00,52.130199456587434,21.077822875231504,118.5999984741211,1037.1400146484375,154.0,2.938999891281128
2021-11-23 17:04:55+00:00,52.130231307819486,21.077799405902624,118.5999984741211,1041.010009765625,154.0,2.994999885559082
2021-11-23 17:04:56+00:00,52.13025444187224,21.077778032049537,118.5999984741211,1043.949951171875,154.0,3.0139999389648438
2021-11-23 17:04:57+00:00,52.13028034195304,21.077746767550707,118.5999984741211,1047.43994140625,155.0,3.0139999389648438
2021-11-23 17:04:58+00:00,52.130311857908964,21.077722292393446,118.5999984741211,1051.3299560546875,155.0,3.0139999389648438
2021-11-23 17:04:59+00:00,52.13034178130329,21.07769513502717,118.5999984741211,1055.1199951171875,154.0,3.0139999389648438
2021-11-23 17:05:00+00:00,52.1303790807724,21.07767124660313,118.5999984741211,1059.5799560546875,154.0,3.0320000648498535
2021-11-23 17:05:01+00:00,52.1303790807724,21.07767124660313,118.80000305175781,1059.5799560546875,154.0,3.0420000553131104
2021-11-23 17:05:02+00:00,52.13044420816004,21.07763109728694,118.80000305175781,1067.3299560546875,154.0,3.0510001182556152
2021-11-23 17:05:03+00:00,52.130472203716636,21.077615339308977,119.0,1070.6300048828125,154.0,3.0510001182556152
2021-11-23 17:05:04+00:00,52.13049684651196,21.07760611921549,119.0,1073.4300537109375,155.0,3.059999942779541
2021-11-23 17:05:05+00:00,52.1305257640779,21.077598156407475,119.0,1076.6700439453125,155.0,3.059999942779541
2021-11-23 17:05:06+00:00,52.130550406873226,21.07758323661983,119.19999694824219,1079.5899658203125,155.0,3.059999942779541
2021-11-23 17:05:07+00:00,52.13058024644852,21.07755976729095,119.19999694824219,1083.280029296875,155.0,3.059999942779541
2021-11-23 17:05:08+00:00,52.130602207034826,21.07754115946591,119.19999694824219,1086.02001953125,155.0,3.059999942779541
2021-11-23 17:05:09+00:00,52.13062567636371,21.077517103403807,119.19999694824219,1089.1099853515625,155.0,3.059999942779541
2021-11-23 17:05:10+00:00,52.13064881041646,21.077498579397798,119.4000015258789,1091.969970703125,155.0,3.059999942779541
2021-11-23 17:05:11+00:00,52.13067077100277,21.07748500071466,119.4000015258789,1094.5699462890625,155.0,3.059999942779541
2021-11-23 17:05:12+00:00,52.13068787008524,21.077474523335695,119.4000015258789,1096.5999755859375,155.0,3.059999942779541
2021-11-23 17:05:13+00:00,52.13070505298674,21.077457759529352,119.5999984741211,1098.8299560546875,155.0,3.059999942779541
2021-11-23 17:05:14+00:00,52.13072315789759,21.077441750094295,119.5999984741211,1101.1099853515625,154.0,3.0420000553131104
2021-11-23 17:05:15+00:00,52.13073573075235,21.0774190351367,119.5999984741211,1103.1800537109375,154.0,3.0420000553131104
2021-11-23 17:05:16+00:00,52.13075425475836,21.07738827355206,119.5999984741211,1106.1199951171875,154.0,3.0320000648498535
2021-11-23 17:05:17+00:00,52.13075425475836,21.07738827355206,119.5999984741211,1106.1199951171875,154.0,3.0230000019073486
2021-11-23 17:05:18+00:00,52.13078769855201,21.077331444248557,119.5999984741211,1111.4599609375,154.0,3.0230000019073486
2021-11-23 17:05:19+00:00,52.13080764748156,21.077300682663918,119.5999984741211,1114.510009765625,154.0,3.0230000019073486
2021-11-23 17:05:20+00:00,52.13082801550627,21.077266735956073,119.5999984741211,1117.7099609375,154.0,3.0320000648498535
2021-11-23 17:05:21+00:00,52.13084704242647,21.077238488942385,119.5999984741211,1120.550048828125,154.0,3.0420000553131104
2021-11-23 17:05:22+00:00,52.13086925446987,21.077221976593137,119.5999984741211,1123.25,155.0,3.0510001182556152
2021-11-23 17:05:23+00:00,52.13089247234166,21.077208062633872,119.5999984741211,1125.9300537109375,155.0,3.0420000553131104
2021-11-23 17:05:24+00:00,52.13091367855668,21.07719825580716,119.80000305175781,1128.300048828125,156.0,3.0420000553131104
2021-11-23 17:05:25+00:00,52.13093957863748,21.0771737806499,119.80000305175781,1131.6300048828125,155.0,3.0420000553131104
2021-11-23 17:05:26+00:00,52.130962209776044,21.077159447595477,120.0,1134.3199462890625,156.0,3.0420000553131104
2021-11-23 17:05:27+00:00,52.13098115287721,21.077121729031205,120.0,1137.3900146484375,155.0,3.0320000648498535
2021-11-23 17:05:28+00:00,52.13098735548556,21.077091805636883,120.0,1139.02001953125,155.0,3.0230000019073486
2021-11-23 17:05:29+00:00,52.131007639691234,21.07707797549665,120.0,1141.469970703125,155.0,3.0230000019073486
2021-11-23 17:05:30+00:00,52.131007639691234,21.07707797549665,120.19999694824219,1141.469970703125,155.0,3.003999948501587
2021-11-23 17:05:31+00:00,52.131048711016774,21.077033886685967,120.19999694824219,1146.93994140625,155.0,2.994999885559082
2021-11-23 17:05:32+00:00,52.131071677431464,21.077000610530376,120.19999694824219,1150.3399658203125,155.0,2.9860000610351562
2021-11-23 17:05:33+00:00,52.13109154254198,21.07697496190667,120.19999694824219,1153.1700439453125,156.0,2.9760000705718994
2021-11-23 17:05:34+00:00,52.13111970573664,21.07694403268397,120.0,1156.93994140625,156.0,2.9760000705718994
2021-11-23 17:05:35+00:00,52.13114476762712,21.07691427692771,120.0,1160.3900146484375,156.0,2.9670000076293945
2021-11-23 17:05:36+00:00,52.13116345927119,21.076899524778128,120.0,1162.68994140625,156.0,2.9670000076293945
2021-11-23 17:05:37+00:00,52.131185503676534,21.07687572017312,120.0,1165.6300048828125,156.0,2.9579999446868896
2021-11-23 17:05:38+00:00,52.131210062652826,21.076846718788147,120.0,1169.010009765625,156.0,2.947999954223633
2021-11-23 17:05:39+00:00,52.13123504072428,21.07682048343122,120.0,1172.31005859375,156.0,2.938999891281128
2021-11-23 17:05:40+00:00,52.13125775568187,21.07679760083556,120.0,1175.280029296875,156.0,2.938999891281128
2021-11-23 17:05:41+00:00,52.13127560913563,21.076780585572124,120.19999694824219,1177.5899658203125,156.0,2.938999891281128
2021-11-23 17:05:42+00:00,52.13130352087319,21.076750997453928,120.19999694824219,1181.280029296875,156.0,2.938999891281128
2021-11-23 17:05:43+00:00,52.13132447563112,21.076731886714697,120.4000015258789,1183.949951171875,156.0,2.930000066757202
2021-11-23 17:05:44+00:00,52.1313529741019,21.07670858502388,120.4000015258789,1187.4599609375,156.0,2.930000066757202
2021-11-23 17:05:45+00:00,52.13137644343078,21.076687462627888,120.4000015258789,1190.43994140625,156.0,2.930000066757202
2021-11-23 17:05:46+00:00,52.13139647617936,21.07667187228799,120.4000015258789,1192.8900146484375,156.0,2.938999891281128
2021-11-23 17:05:47+00:00,52.13142028078437,21.076646726578474,120.19999694824219,1196.050048828125,156.0,2.947999954223633
2021-11-23 17:05:48+00:00,52.13143612258136,21.07663381844759,120.0,1198.010009765625,156.0,2.9579999446868896
2021-11-23 17:05:49+00:00,52.13146822527051,21.076609510928392,120.0,1201.9300537109375,155.0,2.9579999446868896
2021-11-23 17:05:50+00:00,52.131501669064164,21.07658989727497,119.80000305175781,1205.8800048828125,155.0,2.9579999446868896
2021-11-23 17:05:51+00:00,52.13152891024947,21.076569948345423,119.80000305175781,1209.199951171875,155.0,2.947999954223633
2021-11-23 17:05:52+00:00,52.131554977968335,21.076563578099012,119.80000305175781,1212.010009765625,155.0,2.947999954223633
2021-11-23 17:05:53+00:00,52.1315773576498,21.076550334692,119.5999984741211,1214.6600341796875,154.0,2.947999954223633
2021-11-23 17:05:54+00:00,52.131603341549635,21.076529547572136,119.5999984741211,1217.8800048828125,154.0,2.947999954223633
2021-11-23 17:05:55+00:00,52.13162312284112,21.076521584764123,119.5999984741211,1220.050048828125,154.0,2.947999954223633
2021-11-23 17:05:56+00:00,52.13163963519037,21.07650825753808,119.5999984741211,1222.0899658203125,154.0,2.9579999446868896
2021-11-23 17:05:57+00:00,52.13165933266282,21.076482022181153,119.5999984741211,1224.8900146484375,154.0,2.9579999446868896
2021-11-23 17:05:58+00:00,52.131683975458145,21.076467353850603,119.5999984741211,1227.800048828125,154.0,2.9579999446868896
2021-11-23 17:05:59+00:00,52.1317121386528,21.076457044109702,119.5999984741211,1230.93994140625,154.0,2.9670000076293945
2021-11-23 17:06:00+00:00,52.13172881864011,21.076454361900687,119.5999984741211,1232.6700439453125,154.0,2.9670000076293945
2021-11-23 17:06:01+00:00,52.131744492799044,21.076445560902357,119.80000305175781,1234.5,154.0,2.9670000076293945
2021-11-23 17:06:02+00:00,52.13176142424345,21.076428797096014,119.80000305175781,1236.68994140625,153.0,2.9670000076293945
2021-11-23 17:06:03+00:00,52.13178472593427,21.076401555910707,119.80000305175781,1239.8599853515625,153.0,2.9670000076293945
2021-11-23 17:06:04+00:00,52.13180962018669,21.07638018205762,119.80000305175781,1242.989990234375,153.0,2.9670000076293945
2021-11-23 17:06:05+00:00,52.13183426298201,21.076361406594515,119.5999984741211,1246.010009765625,153.0,2.9579999446868896
2021-11-23 17:06:06+00:00,52.13185513392091,21.07634606771171,119.5999984741211,1248.56005859375,152.0,2.9579999446868896
2021-11-23 17:06:07+00:00,52.13187709450722,21.076323771849275,119.5999984741211,1251.43994140625,152.0,2.9579999446868896
2021-11-23 17:06:08+00:00,52.13189930655062,21.076303236186504,119.5999984741211,1254.280029296875,153.0,2.947999954223633
2021-11-23 17:06:09+00:00,52.13192353025079,21.076272558420897,119.5999984741211,1257.68994140625,153.0,2.938999891281128
2021-11-23 17:06:10+00:00,52.13194699957967,21.076247664168477,119.5999984741211,1260.81005859375,153.0,2.9210000038146973
2021-11-23 17:06:11+00:00,52.13196468539536,21.076228469610214,119.5999984741211,1263.1700439453125,153.0,2.9019999504089355
2021-11-23 17:06:12+00:00,52.13198924437165,21.07620818540454,119.4000015258789,1266.22998046875,152.0,2.882999897003174
2021-11-23 17:06:13+00:00,52.13201304897666,21.076195780187845,119.4000015258789,1268.969970703125,152.0,2.874000072479248
2021-11-23 17:06:14+00:00,52.13204179890454,21.076167533174157,119.4000015258789,1272.7099609375,152.0,2.865000009536743
2021-11-23 17:06:15+00:00,52.13206191547215,21.07616376131773,119.4000015258789,1274.8499755859375,152.0,2.8550000190734863
2021-11-23 17:06:16+00:00,52.132086055353284,21.076158145442605,119.4000015258789,1277.489990234375,152.0,2.8550000190734863
2021-11-23 17:06:17+00:00,52.132114889100194,21.07613291591406,119.4000015258789,1281.1300048828125,152.0,2.8369998931884766
2021-11-23 17:06:18+00:00,52.13213860988617,21.076112799346447,119.4000015258789,1284.1099853515625,152.0,2.8369998931884766
2021-11-23 17:06:19+00:00,52.1321595646441,21.076097544282675,119.4000015258789,1286.6600341796875,152.0,2.8369998931884766
2021-11-23 17:06:20+00:00,52.1321854647249,21.076080026105046,119.4000015258789,1289.77001953125,152.0,2.8369998931884766
2021-11-23 17:06:21+00:00,52.132212202996016,21.076059071347117,119.5999984741211,1293.0699462890625,153.0,2.8459999561309814
2021-11-23 17:06:22+00:00,52.132212202996016,21.076059071347117,119.5999984741211,1293.0699462890625,153.0,2.865000009536743
2021-11-23 17:06:23+00:00,52.1322700381279,21.075992016121745,119.4000015258789,1300.949951171875,153.0,2.882999897003174
2021-11-23 17:06:24+00:00,52.13229157961905,21.075970390811563,119.4000015258789,1303.75,153.0,2.8929998874664307
2021-11-23 17:06:25+00:00,52.13231010362506,21.075949016958475,119.19999694824219,1306.27001953125,153.0,2.9110000133514404
2021-11-23 17:06:26+00:00,52.13233005255461,21.075929906219244,119.19999694824219,1308.8599853515625,153.0,2.9110000133514404
2021-11-23 17:06:27+00:00,52.13234731927514,21.07591205276549,119.19999694824219,1311.1300048828125,153.0,2.9110000133514404
2021-11-23 17:06:28+00:00,52.13237254880369,21.075884476304054,119.0,1314.510009765625,152.0,2.9110000133514404
2021-11-23 17:06:29+00:00,52.13239140808582,21.075864527374506,119.0,1317.010009765625,153.0,2.9110000133514404
2021-11-23 17:06:30+00:00,52.13240993209183,21.075845835730433,119.0,1319.43994140625,152.0,2.9110000133514404
2021-11-23 17:06:31+00:00,52.13243180885911,21.075823791325092,119.0,1322.31005859375,152.0,2.9110000133514404
2021-11-23 17:06:32+00:00,52.13245284743607,21.07580761425197,119.0,1324.8900146484375,152.0,2.9110000133514404
2021-11-23 17:06:33+00:00,52.13247690349817,21.07578657567501,119.0,1327.9200439453125,153.0,2.9110000133514404
2021-11-23 17:06:34+00:00,52.132498444989324,21.075767716392875,119.19999694824219,1330.6500244140625,153.0,2.9110000133514404
2021-11-23 17:06:35+00:00,52.13252233341336,21.075753215700388,119.19999694824219,1333.47998046875,153.0,2.9019999504089355
2021-11-23 17:06:36+00:00,52.132546389475465,21.075734524056315,119.0,1336.449951171875,153.0,2.9019999504089355
2021-11-23 17:06:37+00:00,52.132570361718535,21.075717844069004,118.80000305175781,1339.3499755859375,154.0,2.9019999504089355
2021-11-23 17:06:38+00:00,52.13259584270418,21.075708623975515,118.80000305175781,1342.260009765625,154.0,2.9019999504089355
2021-11-23 17:06:39+00:00,52.132622161880136,21.075696386396885,118.80000305175781,1345.300048828125,154.0,2.9019999504089355
2021-11-23 17:06:40+00:00,52.13264789432287,21.075679622590542,118.80000305175781,1348.3800048828125,154.0,2.9019999504089355
2021-11-23 17:06:41+00:00,52.13267622515559,21.07566243968904,118.5999984741211,1351.739990234375,154.0,2.9019999504089355
2021-11-23 17:06:42+00:00,52.13269969448447,21.075645089149475,118.5999984741211,1354.6099853515625,154.0,2.9019999504089355
2021-11-23 17:06:43+00:00,52.13272500783205,21.075625978410244,118.5999984741211,1357.719970703125,154.0,2.9019999504089355
2021-11-23 17:06:44+00:00,52.132745292037725,21.075611812993884,118.5999984741211,1360.1700439453125,154.0,2.9019999504089355
2021-11-23 17:06:45+00:00,52.13276306167245,21.07559454627335,118.5999984741211,1362.469970703125,153.0,2.9110000133514404
2021-11-23 17:06:46+00:00,52.132777478545904,21.07557736337185,118.5999984741211,1364.4599609375,153.0,2.9110000133514404
2021-11-23 17:06:47+00:00,52.13279583491385,21.075560012832284,118.5999984741211,1366.8199462890625,153.0,2.9110000133514404
2021-11-23 17:06:48+00:00,52.132820058614016,21.075535705313087,118.5999984741211,1369.989990234375,154.0,2.9110000133514404
2021-11-23 17:06:49+00:00,52.13284319266677,21.07551299035549,118.4000015258789,1372.989990234375,154.0,2.9110000133514404
2021-11-23 17:06:50+00:00,52.13286381214857,21.07548013329506,118.5999984741211,1376.18994140625,154.0,2.9019999504089355
2021-11-23 17:06:51+00:00,52.13287512771785,21.07544358819723,118.5999984741211,1378.9599609375,154.0,2.9019999504089355
2021-11-23 17:06:52+00:00,52.132877726107836,21.075409473851323,118.4000015258789,1381.280029296875,154.0,2.9019999504089355
2021-11-23 17:06:53+00:00,52.13287848047912,21.075387094169855,118.5999984741211,1382.81005859375,154.0,2.9019999504089355
2021-11-23 17:06:54+00:00,52.13287009857595,21.07535515911877,118.80000305175781,1385.0699462890625,153.0,2.8929998874664307
2021-11-23 17:06:55+00:00,52.132872277870774,21.075312830507755,119.0,1387.8699951171875,154.0,2.8929998874664307
2021-11-23 17:06:56+00:00,52.132866410538554,21.07527586631477,119.0,1390.47998046875,154.0,2.882999897003174
2021-11-23 17:06:57+00:00,52.13285794481635,21.075240578502417,119.19999694824219,1393.06005859375,154.0,2.874000072479248
2021-11-23 17:06:58+00:00,52.13284629397094,21.07520612888038,119.19999694824219,1395.75,154.0,2.865000009536743
2021-11-23 17:06:59+00:00,52.132835229858756,21.07516396790743,119.19999694824219,1398.8599853515625,154.0,2.865000009536743
2021-11-23 17:07:00+00:00,52.132820477709174,21.075126081705093,119.4000015258789,1401.9200439453125,154.0,2.8550000190734863
2021-11-23 17:07:01+00:00,52.1328020375222,21.075085178017616,119.19999694824219,1405.3499755859375,154.0,2.8550000190734863
2021-11-23 17:07:02+00:00,52.132788291200995,21.075041173025966,119.19999694824219,1408.6600341796875,155.0,2.8550000190734863
2021-11-23 17:07:03+00:00,52.1327793225646,21.07499549165368,119.4000015258789,1411.77001953125,155.0,2.8550000190734863
2021-11-23 17:07:04+00:00,52.13277094066143,21.07494654133916,119.19999694824219,1415.02001953125,155.0,2.8550000190734863
2021-11-23 17:07:05+00:00,52.132763396948576,21.074903709813952,119.4000015258789,1417.8900146484375,155.0,2.8550000190734863
2021-11-23 17:07:06+00:00,52.132757026702166,21.074863141402602,119.4000015258789,1420.75,156.0,2.865000009536743
2021-11-23 17:07:07+00:00,52.13275057263672,21.074819220229983,119.4000015258789,1423.800048828125,156.0,2.865000009536743
2021-11-23 17:07:08+00:00,52.13274889625609,21.074773035943508,119.4000015258789,1426.8599853515625,156.0,2.865000009536743
2021-11-23 17:07:09+00:00,52.132737496867776,21.074736826121807,119.4000015258789,1429.6099853515625,156.0,2.874000072479248
2021-11-23 17:07:10+00:00,52.13272215798497,21.074700951576233,119.4000015258789,1432.5999755859375,156.0,2.874000072479248
2021-11-23 17:07:11+00:00,52.132711512967944,21.07466365210712,119.4000015258789,1435.4000244140625,156.0,2.874000072479248
2021-11-23 17:07:12+00:00,52.13270606473088,21.074622245505452,119.4000015258789,1438.1800537109375,156.0,2.882999897003174
2021-11-23 17:07:13+00:00,52.132702209055424,21.07459232211113,119.4000015258789,1440.25,156.0,2.882999897003174
2021-11-23 17:07:14+00:00,52.13269365951419,21.07454253360629,119.4000015258789,1443.68994140625,156.0,2.882999897003174
2021-11-23 17:07:15+00:00,52.13268728926778,21.074502049013972,119.19999694824219,1446.47998046875,156.0,2.874000072479248
2021-11-23 17:07:16+00:00,52.132687624543905,21.074459804221988,119.19999694824219,1449.02001953125,156.0,2.874000072479248
2021-11-23 17:07:17+00:00,52.132675889879465,21.074414793401957,119.0,1452.3399658203125,156.0,2.874000072479248
2021-11-23 17:07:18+00:00,52.132664658129215,21.07437833212316,119.0,1455.1300048828125,156.0,2.874000072479248
2021-11-23 17:07:19+00:00,52.132653510198,21.07434262521565,119.0,1457.8699951171875,156.0,2.874000072479248
2021-11-23 17:07:20+00:00,52.132643703371286,21.074308091774583,119.0,1460.469970703125,156.0,2.874000072479248
2021-11-23 17:07:21+00:00,52.13264202699065,21.074264254420996,119.0,1463.2900390625,156.0,2.874000072479248
2021-11-23 17:07:22+00:00,52.13263859041035,21.074219830334187,119.19999694824219,1466.1700439453125,156.0,2.874000072479248
2021-11-23 17:07:23+00:00,52.13264252990484,21.074167611077428,119.19999694824219,1469.2099609375,156.0,2.874000072479248
2021-11-23 17:07:24+00:00,52.13263548910618,21.074124192819,119.4000015258789,1472.27001953125,156.0,2.865000009536743
2021-11-23 17:07:25+00:00,52.13262643665075,21.074083289131522,119.4000015258789,1475.2099609375,156.0,2.865000009536743
2021-11-23 17:07:26+00:00,52.132610846310854,21.07404506765306,119.4000015258789,1478.3499755859375,156.0,2.865000009536743
2021-11-23 17:07:27+00:00,52.132605481892824,21.074001314118505,119.4000015258789,1481.280029296875,157.0,2.865000009536743
2021-11-23 17:07:28+00:00,52.132610427215695,21.07395655475557,119.4000015258789,1483.760009765625,157.0,2.865000009536743
2021-11-23 17:07:29+00:00,52.132603302598,21.073909867554903,119.5999984741211,1486.93994140625,157.0,2.865000009536743
2021-11-23 17:07:30+00:00,52.1326017100364,21.073855385184288,119.5999984741211,1490.3699951171875,157.0,2.865000009536743
2021-11-23 17:07:31+00:00,52.13257497176528,21.073824036866426,119.5999984741211,1493.7900390625,158.0,2.865000009536743
2021-11-23 17:07:32+00:00,52.1325824316591,21.0737615916878,119.5999984741211,1497.1700439453125,157.0,2.865000009536743
2021-11-23 17:07:33+00:00,52.13257170282304,21.073734685778618,119.5999984741211,1499.3599853515625,158.0,2.865000009536743
2021-11-23 17:07:34+00:00,52.13257757015526,21.073689004406333,119.5999984741211,1501.97998046875,158.0,2.874000072479248
2021-11-23 17:07:35+00:00,52.13255007751286,21.073660338297486,119.80000305175781,1505.25,158.0,2.874000072479248
2021-11-23 17:07:36+00:00,52.13255686685443,21.073601664975286,119.80000305175781,1508.449951171875,158.0,2.874000072479248
2021-11-23 17:07:37+00:00,52.13256977498531,21.073549780994654,119.80000305175781,1511.0,158.0,2.882999897003174
2021-11-23 17:07:38+00:00,52.13259005919099,21.073497142642736,120.0,1513.6700439453125,158.0,2.882999897003174
2021-11-23 17:07:39+00:00,52.13256533257663,21.073467219248414,120.0,1516.6199951171875,158.0,2.8929998874664307
2021-11-23 17:07:40+00:00,52.13252208195627,21.073444671928883,120.19999694824219,1520.449951171875,158.0,2.9019999504089355
2021-11-23 17:07:41+00:00,52.13247832842171,21.073433523997664,120.0,1524.02001953125,158.0,2.9019999504089355
2021-11-23 17:07:42+00:00,52.13245511054993,21.073415502905846,120.0,1526.5,158.0,2.9019999504089355
2021-11-23 17:07:43+00:00,52.13244019076228,21.073381640017033,120.0,1529.3399658203125,158.0,2.9110000133514404
2021-11-23 17:07:44+00:00,52.13244019076228,21.073381640017033,120.0,1529.3399658203125,158.0,2.9110000133514404
2021-11-23 17:07:45+00:00,52.13240557350218,21.0732882656157,120.0,1536.81005859375,158.0,2.9110000133514404
2021-11-23 17:07:46+00:00,52.13239484466612,21.073244595900178,120.0,1540.02001953125,158.0,2.9110000133514404
2021-11-23 17:07:47+00:00,52.13238889351487,21.07320268638432,119.80000305175781,1542.9599609375,158.0,2.9210000038146973
2021-11-23 17:07:48+00:00,52.132379757240415,21.073153568431735,119.80000305175781,1546.469970703125,158.0,2.9210000038146973
2021-11-23 17:07:49+00:00,52.132367603480816,21.07309916988015,119.80000305175781,1550.4200439453125,158.0,2.9210000038146973
2021-11-23 17:07:50+00:00,52.13235368952155,21.073060277849436,119.80000305175781,1553.489990234375,158.0,2.930000066757202
2021-11-23 17:07:51+00:00,52.13234790600836,21.07301694341004,119.5999984741211,1556.489990234375,157.0,2.930000066757202
2021-11-23 17:07:52+00:00,52.13234011083841,21.072982661426067,119.5999984741211,1558.989990234375,157.0,2.938999891281128
2021-11-23 17:07:53+00:00,52.13232561014593,21.07293446548283,119.80000305175781,1562.6400146484375,156.0,2.947999954223633
2021-11-23 17:07:54+00:00,52.132318150252104,21.072899848222733,119.4000015258789,1565.0799560546875,156.0,2.947999954223633
2021-11-23 17:07:55+00:00,52.13230314664543,21.072858525440097,119.5999984741211,1568.3599853515625,156.0,2.9579999446868896
2021-11-23 17:07:56+00:00,52.13229468092322,21.072819884866476,119.80000305175781,1571.0999755859375,156.0,2.9760000705718994
2021-11-23 17:07:57+00:00,52.13227783329785,21.072790632024407,119.80000305175781,1573.6300048828125,156.0,2.9760000705718994
2021-11-23 17:07:58+00:00,52.13226626627147,21.072763139382005,119.80000305175781,1575.81005859375,156.0,2.9860000610351562
2021-11-23 17:07:59+00:00,52.13224547915161,21.072728773579,120.0,1578.8199462890625,156.0,2.994999885559082
2021-11-23 17:08:00+00:00,52.13222217746079,21.072707064449787,120.0,1581.68994140625,157.0,2.994999885559082
2021-11-23 17:08:01+00:00,52.13220499455929,21.072682589292526,120.0,1584.18994140625,157.0,2.994999885559082
2021-11-23 17:08:02+00:00,52.132193595170975,21.072649229317904,120.19999694824219,1586.7900390625,157.0,2.994999885559082
2021-11-23 17:08:03+00:00,52.132183788344264,21.072620563209057,120.19999694824219,1589.030029296875,157.0,2.9860000610351562
2021-11-23 17:08:04+00:00,52.13217222131789,21.07257287018001,120.19999694824219,1592.550048828125,158.0,2.9670000076293945
2021-11-23 17:08:05+00:00,52.132163755595684,21.072533139958978,120.4000015258789,1595.4200439453125,158.0,2.947999954223633
2021-11-23 17:08:06+00:00,52.13215478695929,21.072490392252803,120.4000015258789,1598.510009765625,158.0,2.947999954223633
2021-11-23 17:08:07+00:00,52.13214883580804,21.072455774992704,120.4000015258789,1600.969970703125,158.0,2.930000066757202
2021-11-23 17:08:08+00:00,52.132137939333916,21.072414871305227,120.4000015258789,1604.02001953125,158.0,2.9210000038146973
2021-11-23 17:08:09+00:00,52.132124695926905,21.072376985102892,120.4000015258789,1607.0,158.0,2.9110000133514404
2021-11-23 17:08:10+00:00,52.13211262598634,21.072332728654146,120.4000015258789,1610.280029296875,158.0,2.8929998874664307
2021-11-23 17:08:11+00:00,52.1320974547416,21.072297943755984,120.4000015258789,1613.199951171875,158.0,2.8929998874664307
2021-11-23 17:08:12+00:00,52.13208572007716,21.072267098352313,120.0,1615.6800537109375,158.0,2.9110000133514404
2021-11-23 17:08:13+00:00,52.132071973755956,21.072222171351314,119.80000305175781,1619.0999755859375,158.0,2.9110000133514404
2021-11-23 17:08:14+00:00,52.13205688633025,21.07217405922711,119.5999984741211,1622.780029296875,158.0,2.9110000133514404
2021-11-23 17:08:15+00:00,52.13204808533192,21.072129383683205,119.5999984741211,1625.72998046875,158.0,2.9210000038146973
2021-11-23 17:08:16+00:00,52.13204188272357,21.07208462432027,119.4000015258789,1628.739990234375,158.0,2.930000066757202
2021-11-23 17:08:17+00:00,52.13203861378133,21.07203919440508,119.19999694824219,1631.6700439453125,158.0,2.947999954223633
2021-11-23 17:08:18+00:00,52.132027968764305,21.07200214639306,119.0,1634.3299560546875,158.0,2.9579999446868896
2021-11-23 17:08:19+00:00,52.13201799429953,21.071961410343647,118.80000305175781,1637.260009765625,158.0,2.9579999446868896
2021-11-23 17:08:20+00:00,52.13201405480504,21.071915812790394,118.80000305175781,1640.1300048828125,158.0,2.9670000076293945
2021-11-23 17:08:21+00:00,52.132006008177996,21.071874741464853,118.80000305175781,1643.0400390625,158.0,2.9579999446868896
2021-11-23 17:08:22+00:00,52.13199544698,21.07183308340609,118.80000305175781,1646.0999755859375,158.0,2.9579999446868896
2021-11-23 17:08:23+00:00,52.131982957944274,21.071792850270867,118.80000305175781,1649.1800537109375,158.0,2.9579999446868896
2021-11-23 17:08:24+00:00,52.131978599354625,21.07175773009658,119.0,1651.56005859375,158.0,2.9579999446868896
2021-11-23 17:08:25+00:00,52.13197348639369,21.071703331544995,119.19999694824219,1655.25,158.0,2.9579999446868896
2021-11-23 17:08:26+00:00,52.131978599354625,21.071661422029138,119.4000015258789,1657.7900390625,158.0,2.9579999446868896
2021-11-23 17:08:27+00:00,52.131975162774324,21.071629151701927,119.5999984741211,1660.02001953125,158.0,2.9579999446868896
2021-11-23 17:08:28+00:00,52.13196904398501,21.071599815040827,119.5999984741211,1662.050048828125,158.0,2.9579999446868896
2021-11-23 17:08:29+00:00,52.1319711394608,21.07157751917839,119.80000305175781,1663.5899658203125,158.0,2.9579999446868896
2021-11-23 17:08:30+00:00,52.13196870870888,21.07155849225819,119.80000305175781,1664.72998046875,158.0,2.947999954223633
2021-11-23 17:08:31+00:00,52.13197843171656,21.071530329063535,119.80000305175781,1666.9000244140625,157.0,2.938999891281128
2021-11-23 17:08:32+00:00,52.1319851372391,21.071498058736324,119.80000305175781,1669.239990234375,157.0,2.930000066757202
