time,latitude,longitude,altitude,distance,cadence
2021-10-24 18:58:32+00:00,52.13179367,21.071598,121.617,0.0,0.0
2021-10-24 18:58:33+00:00,52.13179367,21.071598,121.617,0.0,0.0
2021-10-24 18:58:34+00:00,52.13178233,21.0716315,121.617,0.8999999761581421,0.0
2021-10-24 18:58:35+00:00,52.13176667,21.07166117,120.702,4.199999809265137,40.0
2021-10-24 18:58:36+00:00,52.13174667,21.07168417,120.702,7.699999809265137,70.0
2021-10-24 18:58:37+00:00,52.13172433,21.07170533,119.94,11.399999618530273,75.0
2021-10-24 18:58:38+00:00,52.13170117,21.07172367,119.94,14.800000190734863,78.0
2021-10-24 18:58:39+00:00,52.13167767,21.07174217,119.026,18.100000381469727,78.0
2021-10-24 18:58:40+00:00,52.13165283,21.07175833,119.026,21.200000762939453,79.0
2021-10-24 18:58:41+00:00,52.1316275,21.07177433,118.111,24.200000762939453,79.0
2021-10-24 18:58:42+00:00,52.13160133,21.07178817,118.111,27.399999618530273,79.0
2021-10-24 18:58:43+00:00,52.13157583,21.07180383,117.197,30.600000381469727,79.0
2021-10-24 18:58:44+00:00,52.131551,21.07181867,117.197,33.900001525878906,79.0
2021-10-24 18:58:45+00:00,52.131527,21.07183467,116.283,37.099998474121094,79.0
2021-10-24 18:58:46+00:00,52.131502,21.071851,116.283,40.20000076293945,79.0
2021-10-24 18:58:47+00:00,52.13147583,21.07186883,115.368,43.29999923706055,80.0
2021-10-24 18:58:48+00:00,52.13144883,21.07188483,115.368,46.5,80.0
2021-10-24 18:58:49+00:00,52.13142217,21.071898,114.606,49.70000076293945,80.0
2021-10-24 18:58:50+00:00,52.1313965,21.07190933,114.606,52.79999923706055,80.0
2021-10-24 18:58:51+00:00,52.13137167,21.07192267,113.844,55.79999923706055,80.0
2021-10-24 18:58:52+00:00,52.13134683,21.07193817,113.844,58.79999923706055,80.0
2021-10-24 18:58:53+00:00,52.131322,21.071954,113.082,61.79999923706055,80.0
2021-10-24 18:58:54+00:00,52.13129733,21.07197067,113.082,64.80000305175781,80.0
2021-10-24 18:58:55+00:00,52.131274,21.07198517,112.473,67.9000015258789,80.0
2021-10-24 18:58:56+00:00,52.1312505,21.07199983,112.473,70.80000305175781,80.0
2021-10-24 18:58:57+00:00,52.13122733,21.07201333,111.863,73.5,80.0
2021-10-24 18:58:58+00:00,52.13120383,21.07202633,111.863,76.19999694824219,80.0
2021-10-24 18:58:59+00:00,52.1311795,21.07203983,111.406,78.9000015258789,80.0
2021-10-24 18:59:00+00:00,52.13115483,21.07205517,111.406,81.9000015258789,81.0
2021-10-24 18:59:01+00:00,52.13112983,21.07207383,111.101,84.69999694824219,81.0
2021-10-24 18:59:02+00:00,52.131105,21.0720935,111.101,87.69999694824219,81.0
2021-10-24 18:59:03+00:00,52.13107983,21.0721115,110.644,90.69999694824219,80.0
2021-10-24 18:59:04+00:00,52.1310545,21.072129,110.644,93.69999694824219,80.0
2021-10-24 18:59:05+00:00,52.13102867,21.07214483,110.339,96.80000305175781,80.0
2021-10-24 18:59:06+00:00,52.131002,21.07216,110.339,100.0,80.0
2021-10-24 18:59:07+00:00,52.13097483,21.07217483,110.034,103.30000305175781,81.0
2021-10-24 18:59:08+00:00,52.13094783,21.07219083,110.034,106.5999984741211,80.0
2021-10-24 18:59:09+00:00,52.130922,21.07220583,109.577,109.80000305175781,80.0
2021-10-24 18:59:10+00:00,52.13089683,21.07221767,109.577,113.0999984741211,80.0
2021-10-24 18:59:11+00:00,52.13087183,21.07222933,109.272,116.0,80.0
2021-10-24 18:59:12+00:00,52.13084667,21.07224367,109.272,119.0999984741211,80.0
2021-10-24 18:59:13+00:00,52.13082033,21.07225883,109.12,122.0999984741211,80.0
2021-10-24 18:59:14+00:00,52.130794,21.07227533,109.12,125.19999694824219,80.0
2021-10-24 18:59:15+00:00,52.1307675,21.07229267,108.967,128.3000030517578,80.0
2021-10-24 18:59:16+00:00,52.13074183,21.07231133,108.967,131.5,80.0
2021-10-24 18:59:17+00:00,52.13071583,21.07233,108.815,134.60000610351562,80.0
2021-10-24 18:59:18+00:00,52.13068983,21.07234767,108.815,137.60000610351562,80.0
2021-10-24 18:59:19+00:00,52.13066367,21.07236517,108.815,140.8000030517578,80.0
2021-10-24 18:59:20+00:00,52.1306375,21.0723835,108.815,144.10000610351562,81.0
2021-10-24 18:59:21+00:00,52.130612,21.0724045,108.663,147.39999389648438,81.0
2021-10-24 18:59:22+00:00,52.13058717,21.0724265,108.663,150.6999969482422,80.0
2021-10-24 18:59:23+00:00,52.13056233,21.07244683,108.663,153.89999389648438,80.0
2021-10-24 18:59:24+00:00,52.13053683,21.07246267,108.663,157.10000610351562,80.0
2021-10-24 18:59:25+00:00,52.130511,21.07247633,108.51,160.1999969482422,80.0
2021-10-24 18:59:26+00:00,52.13048533,21.07248833,108.51,163.3000030517578,81.0
2021-10-24 18:59:27+00:00,52.13045933,21.07250283,108.51,166.3000030517578,80.0
2021-10-24 18:59:28+00:00,52.13043317,21.07251933,108.51,169.3000030517578,80.0
2021-10-24 18:59:29+00:00,52.13040617,21.07253767,108.51,172.39999389648438,81.0
2021-10-24 18:59:30+00:00,52.13038,21.07255567,108.51,175.60000610351562,81.0
2021-10-24 18:59:31+00:00,52.13035267,21.07257133,108.51,178.6999969482422,81.0
2021-10-24 18:59:32+00:00,52.13032533,21.07258617,108.51,181.89999389648438,81.0
2021-10-24 18:59:33+00:00,52.13029717,21.0726,108.51,185.10000610351562,80.0
2021-10-24 18:59:34+00:00,52.1302695,21.0726145,108.51,188.5,80.0
2021-10-24 18:59:35+00:00,52.13024117,21.07262783,108.51,191.8000030517578,80.0
2021-10-24 18:59:36+00:00,52.13021317,21.07263983,108.51,195.1999969482422,81.0
2021-10-24 18:59:37+00:00,52.1301845,21.072651,108.663,198.60000610351562,81.0
2021-10-24 18:59:38+00:00,52.13015633,21.07266167,108.663,201.89999389648438,81.0
2021-10-24 18:59:39+00:00,52.13012767,21.0726725,108.815,205.1999969482422,81.0
2021-10-24 18:59:40+00:00,52.13009917,21.07268267,108.815,208.5,81.0
2021-10-24 18:59:41+00:00,52.13007183,21.07269233,108.967,211.8000030517578,80.0
2021-10-24 18:59:42+00:00,52.13004533,21.07269883,108.967,215.0,80.0
2021-10-24 18:59:43+00:00,52.1300195,21.07270567,109.12,218.10000610351562,81.0
2021-10-24 18:59:44+00:00,52.12999483,21.072714,109.12,221.10000610351562,81.0
2021-10-24 18:59:45+00:00,52.12997167,21.07272933,109.272,224.0,81.0
2021-10-24 18:59:46+00:00,52.12994917,21.07274583,109.272,226.8000030517578,80.0
2021-10-24 18:59:47+00:00,52.12992583,21.07276183,109.425,229.5,80.0
2021-10-24 18:59:48+00:00,52.129901,21.07277917,109.425,232.1999969482422,80.0
2021-10-24 18:59:49+00:00,52.12987617,21.07279967,109.577,235.0,80.0
2021-10-24 18:59:50+00:00,52.12985183,21.072825,109.577,237.8000030517578,80.0
2021-10-24 18:59:51+00:00,52.129828,21.07285033,109.729,240.6999969482422,80.0
2021-10-24 18:59:52+00:00,52.1298035,21.07287567,109.729,243.8000030517578,80.0
2021-10-24 18:59:53+00:00,52.12977867,21.07289833,109.882,247.10000610351562,80.0
2021-10-24 18:59:54+00:00,52.129754,21.07291983,109.882,250.39999389648438,80.0
2021-10-24 18:59:55+00:00,52.1297305,21.07293883,110.187,253.6999969482422,80.0
2021-10-24 18:59:56+00:00,52.12970717,21.07295817,110.187,256.8999938964844,80.0
2021-10-24 18:59:57+00:00,52.12968383,21.07297383,110.339,260.0,80.0
2021-10-24 18:59:58+00:00,52.12966033,21.07298883,110.339,263.1000061035156,80.0
2021-10-24 18:59:59+00:00,52.1296375,21.07300167,110.644,266.0,80.0
2021-10-24 19:00:00+00:00,52.129615,21.073014,110.644,268.6000061035156,80.0
2021-10-24 19:00:01+00:00,52.12959167,21.0730285,111.101,271.29998779296875,80.0
2021-10-24 19:00:02+00:00,52.129568,21.07304467,111.101,273.8999938964844,80.0
2021-10-24 19:00:03+00:00,52.12954383,21.073062,111.406,276.5,80.0
2021-10-24 19:00:04+00:00,52.1295195,21.073078,111.406,279.29998779296875,80.0
2021-10-24 19:00:05+00:00,52.12949567,21.0730925,111.711,282.1000061035156,80.0
2021-10-24 19:00:06+00:00,52.12947133,21.07310567,111.711,284.8999938964844,80.0
2021-10-24 19:00:07+00:00,52.129446,21.07312083,112.015,287.79998779296875,80.0
2021-10-24 19:00:08+00:00,52.12942033,21.07313583,112.015,290.79998779296875,80.0
2021-10-24 19:00:09+00:00,52.12939517,21.07315383,112.32,293.8999938964844,80.0
2021-10-24 19:00:10+00:00,52.12937117,21.07317217,112.32,297.1000061035156,80.0
2021-10-24 19:00:11+00:00,52.129349,21.07318933,112.473,300.1000061035156,80.0
2021-10-24 19:00:12+00:00,52.12932783,21.0732045,112.473,303.0,80.0
2021-10-24 19:00:13+00:00,52.129306,21.0732185,112.777,305.79998779296875,80.0
2021-10-24 19:00:14+00:00,52.12928267,21.073234,112.777,308.5,80.0
2021-10-24 19:00:15+00:00,52.1292595,21.07324717,113.082,311.29998779296875,80.0
2021-10-24 19:00:16+00:00,52.12923683,21.0732585,113.082,314.1000061035156,80.0
2021-10-24 19:00:17+00:00,52.12921367,21.07326733,113.387,316.70001220703125,80.0
2021-10-24 19:00:18+00:00,52.12919067,21.0732795,113.387,319.1000061035156,80.0
2021-10-24 19:00:19+00:00,52.12916667,21.07329667,113.692,321.70001220703125,80.0
2021-10-24 19:00:20+00:00,52.12914233,21.07331767,113.692,324.3999938964844,80.0
2021-10-24 19:00:21+00:00,52.12911867,21.07333867,113.997,327.29998779296875,80.0
2021-10-24 19:00:22+00:00,52.12909483,21.07335933,113.997,330.29998779296875,80.0
2021-10-24 19:00:23+00:00,52.12907033,21.07338417,114.454,333.3999938964844,80.0
2021-10-24 19:00:24+00:00,52.12904367,21.07341217,114.454,336.6000061035156,80.0
2021-10-24 19:00:25+00:00,52.12901533,21.07344283,114.759,340.20001220703125,80.0
2021-10-24 19:00:26+00:00,52.128986,21.0734735,114.759,343.8999938964844,80.0
2021-10-24 19:00:27+00:00,52.128957,21.07350417,115.063,347.8999938964844,80.0
2021-10-24 19:00:28+00:00,52.12893017,21.07353267,115.063,352.0,80.0
2021-10-24 19:00:29+00:00,52.128905,21.0735615,115.368,355.8999938964844,80.0
2021-10-24 19:00:30+00:00,52.12888,21.07359167,115.368,359.79998779296875,80.0
2021-10-24 19:00:31+00:00,52.1288555,21.07362033,115.521,363.5,80.0
2021-10-24 19:00:32+00:00,52.12883083,21.073646,115.521,367.3999938964844,78.0
2021-10-24 19:00:33+00:00,52.12880583,21.07367017,115.825,370.8999938964844,79.0
2021-10-24 19:00:34+00:00,52.12878283,21.0736925,115.825,374.20001220703125,79.0
2021-10-24 19:00:35+00:00,52.1287615,21.07371267,116.13,377.20001220703125,79.0
2021-10-24 19:00:36+00:00,52.12874083,21.07373067,116.13,380.0,79.0
2021-10-24 19:00:37+00:00,52.12871917,21.07374983,116.435,382.3999938964844,79.0
2021-10-24 19:00:38+00:00,52.1286985,21.07376883,116.435,385.1000061035156,79.0
2021-10-24 19:00:39+00:00,52.12867917,21.07378983,116.74,387.5,79.0
2021-10-24 19:00:40+00:00,52.12865967,21.07381317,116.74,390.0,79.0
2021-10-24 19:00:41+00:00,52.12863967,21.0738355,116.892,392.5,79.0
2021-10-24 19:00:42+00:00,52.1286185,21.07385733,116.892,394.8999938964844,79.0
2021-10-24 19:00:43+00:00,52.12859783,21.07387467,117.045,397.3999938964844,79.0
2021-10-24 19:00:44+00:00,52.12857667,21.07389267,117.045,399.8999938964844,79.0
2021-10-24 19:00:45+00:00,52.1285555,21.0739085,117.197,402.5,79.0
2021-10-24 19:00:46+00:00,52.128533,21.07392617,117.197,405.20001220703125,79.0
2021-10-24 19:00:47+00:00,52.128511,21.073944,117.197,408.0,79.0
2021-10-24 19:00:48+00:00,52.12848917,21.07396383,117.197,410.6000061035156,79.0
2021-10-24 19:00:49+00:00,52.12846667,21.07398483,117.197,413.6000061035156,79.0
2021-10-24 19:00:50+00:00,52.128443,21.0740065,117.197,416.29998779296875,79.0
2021-10-24 19:00:51+00:00,52.12841917,21.07402767,117.197,419.29998779296875,79.0
2021-10-24 19:00:52+00:00,52.12839533,21.07404967,117.197,422.3999938964844,79.0
2021-10-24 19:00:53+00:00,52.12837133,21.07407183,117.197,425.3999938964844,79.0
2021-10-24 19:00:54+00:00,52.1283475,21.07409233,117.197,428.6000061035156,79.0
2021-10-24 19:00:55+00:00,52.12832333,21.0741125,117.197,431.79998779296875,79.0
2021-10-24 19:00:56+00:00,52.12829867,21.07413317,117.197,435.0,79.0
2021-10-24 19:00:57+00:00,52.12827433,21.07415633,117.197,438.20001220703125,79.0
2021-10-24 19:00:58+00:00,52.12825067,21.07418033,117.197,441.5,79.0
2021-10-24 19:00:59+00:00,52.12822733,21.0742045,117.197,444.70001220703125,79.0
2021-10-24 19:01:00+00:00,52.12820383,21.07422717,117.197,447.79998779296875,79.0
2021-10-24 19:01:01+00:00,52.12818117,21.07424717,117.197,450.8999938964844,79.0
2021-10-24 19:01:02+00:00,52.1281585,21.07426617,117.197,453.8999938964844,79.0
2021-10-24 19:01:03+00:00,52.128136,21.07428633,117.197,456.8999938964844,79.0
2021-10-24 19:01:04+00:00,52.128114,21.07430783,117.197,459.70001220703125,79.0
2021-10-24 19:01:05+00:00,52.128092,21.07432983,117.197,462.6000061035156,79.0
2021-10-24 19:01:06+00:00,52.12807,21.07435117,117.197,465.5,79.0
2021-10-24 19:01:07+00:00,52.128048,21.07437233,117.197,468.29998779296875,79.0
2021-10-24 19:01:08+00:00,52.1280255,21.07439433,117.197,471.0,79.0
2021-10-24 19:01:09+00:00,52.12800333,21.074416,117.045,473.8999938964844,79.0
2021-10-24 19:01:10+00:00,52.12798133,21.07443317,117.045,476.70001220703125,79.0
2021-10-24 19:01:11+00:00,52.127961,21.07444167,117.045,479.3999938964844,78.0
2021-10-24 19:01:12+00:00,52.12794067,21.074441,117.045,482.0,77.0
2021-10-24 19:01:13+00:00,52.12792033,21.07443217,117.045,484.20001220703125,77.0
2021-10-24 19:01:14+00:00,52.12790067,21.074423,117.045,486.3999938964844,77.0
2021-10-24 19:01:15+00:00,52.127879,21.07441583,116.892,488.6000061035156,77.0
2021-10-24 19:01:16+00:00,52.12785567,21.07441967,116.892,490.8999938964844,77.0
2021-10-24 19:01:17+00:00,52.1278315,21.07443083,116.74,493.0,77.0
2021-10-24 19:01:18+00:00,52.12780833,21.07445217,116.74,495.1000061035156,78.0
2021-10-24 19:01:19+00:00,52.12778633,21.07447567,116.74,497.6000061035156,79.0
2021-10-24 19:01:20+00:00,52.12776417,21.07450067,116.74,500.5,79.0
2021-10-24 19:01:21+00:00,52.127742,21.07452383,116.587,503.5,79.0
2021-10-24 19:01:22+00:00,52.12771917,21.07454733,116.587,506.5,79.0
2021-10-24 19:01:23+00:00,52.12769667,21.07457133,116.435,509.6000061035156,79.0
2021-10-24 19:01:24+00:00,52.12767417,21.07459467,116.435,512.7999877929688,78.0
2021-10-24 19:01:25+00:00,52.12765183,21.074617,116.283,516.2000122070312,78.0
2021-10-24 19:01:26+00:00,52.12762883,21.07463883,116.283,519.4000244140625,78.0
2021-10-24 19:01:27+00:00,52.12760567,21.07465983,116.13,522.5,79.0
2021-10-24 19:01:28+00:00,52.12758233,21.07468017,116.13,525.5,79.0
2021-10-24 19:01:29+00:00,52.12755883,21.074699,115.825,528.5,79.0
2021-10-24 19:01:30+00:00,52.127536,21.07471783,115.825,531.4000244140625,79.0
2021-10-24 19:01:31+00:00,52.12751333,21.07473683,115.673,534.4000244140625,77.0
2021-10-24 19:01:32+00:00,52.12749033,21.0747555,115.673,537.2000122070312,77.0
2021-10-24 19:01:33+00:00,52.12746633,21.0747755,115.521,540.0999755859375,77.0
2021-10-24 19:01:34+00:00,52.1274435,21.07479683,115.521,543.0999755859375,77.0
2021-10-24 19:01:35+00:00,52.127424,21.07482583,115.368,546.0,78.0
2021-10-24 19:01:36+00:00,52.12741267,21.07486567,115.368,548.7999877929688,79.0
2021-10-24 19:01:37+00:00,52.1274105,21.07491267,115.063,551.5999755859375,79.0
2021-10-24 19:01:38+00:00,52.12741733,21.07496167,115.063,554.2000122070312,79.0
2021-10-24 19:01:39+00:00,52.12742767,21.07500867,114.911,557.0999755859375,79.0
2021-10-24 19:01:40+00:00,52.12743833,21.07505383,114.911,560.2000122070312,79.0
2021-10-24 19:01:41+00:00,52.12744767,21.07509867,114.759,563.2999877929688,79.0
2021-10-24 19:01:42+00:00,52.127457,21.07514317,114.759,566.0999755859375,79.0
2021-10-24 19:01:43+00:00,52.12746683,21.075186,114.454,569.0,80.0
2021-10-24 19:01:44+00:00,52.127478,21.07522783,114.454,572.4000244140625,80.0
2021-10-24 19:01:45+00:00,52.12748933,21.075269,114.301,576.0999755859375,80.0
2021-10-24 19:01:46+00:00,52.12749983,21.07531133,114.301,579.5999755859375,80.0
2021-10-24 19:01:47+00:00,52.12750983,21.07535283,114.149,582.7999877929688,80.0
2021-10-24 19:01:48+00:00,52.12752067,21.07539417,114.149,585.7999877929688,80.0
2021-10-24 19:01:49+00:00,52.12753183,21.07543467,113.844,588.7999877929688,80.0
2021-10-24 19:01:50+00:00,52.12754217,21.07547433,113.844,591.7999877929688,80.0
2021-10-24 19:01:51+00:00,52.12755117,21.07551383,113.692,594.7000122070312,80.0
2021-10-24 19:01:52+00:00,52.1275605,21.07555217,113.692,597.7000122070312,80.0
2021-10-24 19:01:53+00:00,52.1275705,21.07558967,113.539,600.5999755859375,80.0
2021-10-24 19:01:54+00:00,52.12758133,21.07562617,113.539,603.4000244140625,80.0
2021-10-24 19:01:55+00:00,52.12759067,21.07566667,113.235,606.2000122070312,80.0
2021-10-24 19:01:56+00:00,52.12759983,21.07570867,113.235,609.0,80.0
2021-10-24 19:01:57+00:00,52.12760883,21.07575,113.082,612.0,80.0
2021-10-24 19:01:58+00:00,52.12761933,21.07579017,113.082,614.7999877929688,80.0
2021-10-24 19:01:59+00:00,52.12762833,21.07583067,112.93,617.7999877929688,80.0
2021-10-24 19:02:00+00:00,52.12763633,21.07587367,112.93,620.7000122070312,80.0
2021-10-24 19:02:01+00:00,52.12764383,21.075916,112.625,623.7999877929688,80.0
2021-10-24 19:02:02+00:00,52.1276515,21.07596017,112.625,626.9000244140625,80.0
2021-10-24 19:02:03+00:00,52.1276585,21.07600317,112.473,630.0999755859375,80.0
2021-10-24 19:02:04+00:00,52.127665,21.07604683,112.473,633.2999877929688,80.0
2021-10-24 19:02:05+00:00,52.12767233,21.07608883,112.32,636.5,80.0
2021-10-24 19:02:06+00:00,52.12768117,21.07612983,112.32,639.5,80.0
2021-10-24 19:02:07+00:00,52.12769017,21.07616917,112.168,642.5,80.0
2021-10-24 19:02:08+00:00,52.12769933,21.07620917,112.168,645.5,80.0
2021-10-24 19:02:09+00:00,52.12770817,21.07624917,111.863,648.5,80.0
2021-10-24 19:02:10+00:00,52.12771633,21.07629133,111.863,651.5,80.0
2021-10-24 19:02:11+00:00,52.12772467,21.07633467,111.711,654.4000244140625,80.0
2021-10-24 19:02:12+00:00,52.1277325,21.07637883,111.711,657.4000244140625,80.0
2021-10-24 19:02:13+00:00,52.12774117,21.07642183,111.558,660.5,80.0
2021-10-24 19:02:14+00:00,52.12774917,21.07646383,111.558,663.5999755859375,80.0
2021-10-24 19:02:15+00:00,52.12775817,21.07650483,111.253,666.7000122070312,80.0
2021-10-24 19:02:16+00:00,52.12776683,21.07654533,111.253,669.7000122070312,80.0
2021-10-24 19:02:17+00:00,52.12777617,21.07658667,111.101,672.7999877929688,80.0
2021-10-24 19:02:18+00:00,52.1277855,21.076628,111.101,675.9000244140625,80.0
2021-10-24 19:02:19+00:00,52.12779417,21.07667117,110.796,679.0,80.0
2021-10-24 19:02:20+00:00,52.12780283,21.0767125,110.796,682.0999755859375,80.0
2021-10-24 19:02:21+00:00,52.12781217,21.07675467,110.644,685.0999755859375,80.0
2021-10-24 19:02:22+00:00,52.12782367,21.0767935,110.644,688.0999755859375,80.0
2021-10-24 19:02:23+00:00,52.1278355,21.07683283,110.339,691.0999755859375,81.0
2021-10-24 19:02:24+00:00,52.127847,21.07687117,110.339,694.0999755859375,81.0
2021-10-24 19:02:25+00:00,52.1278555,21.07691083,110.187,697.0999755859375,81.0
2021-10-24 19:02:26+00:00,52.12785917,21.0769515,110.187,700.0999755859375,80.0
2021-10-24 19:02:27+00:00,52.12786,21.07699417,110.034,702.9000244140625,80.0
2021-10-24 19:02:28+00:00,52.127861,21.07703817,110.034,705.7000122070312,80.0
2021-10-24 19:02:29+00:00,52.127864,21.077083,109.882,708.5999755859375,80.0
2021-10-24 19:02:30+00:00,52.12786867,21.07712783,109.882,711.5999755859375,80.0
2021-10-24 19:02:31+00:00,52.12787367,21.07717233,109.729,714.5999755859375,80.0
2021-10-24 19:02:32+00:00,52.12788067,21.07721417,109.729,717.5999755859375,80.0
2021-10-24 19:02:33+00:00,52.1278875,21.07725483,109.577,720.5999755859375,80.0
2021-10-24 19:02:34+00:00,52.12789433,21.07729467,109.577,723.7000122070312,80.0
2021-10-24 19:02:35+00:00,52.12789883,21.07733433,109.425,726.7000122070312,80.0
2021-10-24 19:02:36+00:00,52.127902,21.07737317,109.425,729.5999755859375,79.0
2021-10-24 19:02:37+00:00,52.1279065,21.07741317,109.425,732.4000244140625,79.0
2021-10-24 19:02:38+00:00,52.1279115,21.07745317,109.425,735.2000122070312,79.0
2021-10-24 19:02:39+00:00,52.12791817,21.07749433,109.425,737.9000244140625,79.0
2021-10-24 19:02:40+00:00,52.12792533,21.07753617,109.425,740.7000122070312,79.0
2021-10-24 19:02:41+00:00,52.12793417,21.07757833,109.272,743.4000244140625,79.0
2021-10-24 19:02:42+00:00,52.12794283,21.07761867,109.272,746.4000244140625,79.0
2021-10-24 19:02:43+00:00,52.12795017,21.0776585,109.272,749.2999877929688,79.0
2021-10-24 19:02:44+00:00,52.12795667,21.0776995,109.272,752.2000122070312,79.0
2021-10-24 19:02:45+00:00,52.12796267,21.07774167,109.272,755.2000122070312,79.0
2021-10-24 19:02:46+00:00,52.1279695,21.07778333,109.272,758.2999877929688,79.0
2021-10-24 19:02:47+00:00,52.12797517,21.07782617,109.272,761.2999877929688,79.0
2021-10-24 19:02:48+00:00,52.12798117,21.07786933,109.272,764.4000244140625,77.0
2021-10-24 19:02:49+00:00,52.12798617,21.07791217,109.272,767.5,77.0
2021-10-24 19:02:50+00:00,52.12799267,21.0779545,109.272,770.4000244140625,77.0
2021-10-24 19:02:51+00:00,52.12799917,21.07799517,109.12,773.4000244140625,78.0
2021-10-24 19:02:52+00:00,52.12800633,21.07803433,109.12,776.4000244140625,79.0
2021-10-24 19:02:53+00:00,52.12801417,21.07807467,109.12,779.2999877929688,79.0
2021-10-24 19:02:54+00:00,52.128023,21.07811767,109.12,782.2999877929688,79.0
2021-10-24 19:02:55+00:00,52.12803133,21.07816233,109.12,785.2999877929688,79.0
2021-10-24 19:02:56+00:00,52.12804033,21.07820617,109.12,788.5,79.0
2021-10-24 19:02:57+00:00,52.12805233,21.0782515,109.12,791.5999755859375,79.0
2021-10-24 19:02:58+00:00,52.12806533,21.07829483,109.12,794.7999877929688,79.0
2021-10-24 19:02:59+00:00,52.12807867,21.07833883,108.967,798.0999755859375,79.0
2021-10-24 19:03:00+00:00,52.128088,21.07838167,108.967,801.5,79.0
2021-10-24 19:03:01+00:00,52.12809617,21.07842533,108.815,804.9000244140625,79.0
2021-10-24 19:03:02+00:00,52.12810317,21.078468,108.815,808.2999877929688,79.0
2021-10-24 19:03:03+00:00,52.12811083,21.07850983,108.51,811.5999755859375,79.0
2021-10-24 19:03:04+00:00,52.12811967,21.07855117,108.51,814.7000122070312,79.0
2021-10-24 19:03:05+00:00,52.128128,21.078592,108.358,817.7000122070312,79.0
2021-10-24 19:03:06+00:00,52.1281385,21.07863117,108.358,820.7000122070312,79.0
2021-10-24 19:03:07+00:00,52.1281525,21.078667,108.053,823.5999755859375,78.0
2021-10-24 19:03:08+00:00,52.12817333,21.07869233,108.053,826.2999877929688,78.0
2021-10-24 19:03:09+00:00,52.12819733,21.078708,107.901,828.9000244140625,78.0
2021-10-24 19:03:10+00:00,52.128222,21.07871683,107.901,831.5,80.0
2021-10-24 19:03:11+00:00,52.1282445,21.078723,107.596,833.9000244140625,81.0
2021-10-24 19:03:12+00:00,52.1282675,21.078724,107.596,836.5,81.0
2021-10-24 19:03:13+00:00,52.12829117,21.07871967,107.443,838.7999877929688,80.0
2021-10-24 19:03:14+00:00,52.128315,21.078712,107.443,841.0,81.0
2021-10-24 19:03:15+00:00,52.128339,21.078703,107.138,843.2999877929688,81.0
2021-10-24 19:03:16+00:00,52.12836367,21.07869083,107.138,846.0,80.0
2021-10-24 19:03:17+00:00,52.12838833,21.07867917,106.986,848.9000244140625,80.0
2021-10-24 19:03:18+00:00,52.1284135,21.07866683,106.986,851.5999755859375,80.0
2021-10-24 19:03:19+00:00,52.128439,21.078657,106.834,854.4000244140625,80.0
2021-10-24 19:03:20+00:00,52.12846617,21.07864367,106.834,857.2999877929688,80.0
2021-10-24 19:03:21+00:00,52.12849317,21.078628,106.681,860.5999755859375,80.0
2021-10-24 19:03:22+00:00,52.128521,21.07861067,106.681,863.9000244140625,80.0
2021-10-24 19:03:23+00:00,52.1285475,21.07859567,106.529,867.2999877929688,80.0
2021-10-24 19:03:24+00:00,52.12857383,21.0785815,106.529,870.5999755859375,80.0
2021-10-24 19:03:25+00:00,52.1286,21.07856683,106.224,873.9000244140625,80.0
2021-10-24 19:03:26+00:00,52.12862583,21.07855117,106.224,877.0999755859375,80.0
2021-10-24 19:03:27+00:00,52.1286515,21.07853617,106.072,880.4000244140625,80.0
2021-10-24 19:03:28+00:00,52.12867733,21.07852017,106.072,883.5999755859375,80.0
2021-10-24 19:03:29+00:00,52.12870317,21.07850283,105.919,886.7999877929688,80.0
2021-10-24 19:03:30+00:00,52.1287285,21.07848467,105.919,889.9000244140625,80.0
2021-10-24 19:03:31+00:00,52.12875433,21.07846617,105.767,893.0,81.0
2021-10-24 19:03:32+00:00,52.12878033,21.07844867,105.767,896.0,81.0
2021-10-24 19:03:33+00:00,52.1288065,21.07843033,105.614,899.0999755859375,80.0
2021-10-24 19:03:34+00:00,52.12883183,21.07841417,105.614,902.2999877929688,80.0
2021-10-24 19:03:35+00:00,52.12885717,21.07839867,105.462,905.4000244140625,80.0
2021-10-24 19:03:36+00:00,52.12888183,21.07838633,105.462,908.5,80.0
2021-10-24 19:03:37+00:00,52.128907,21.0783745,105.31,911.5,80.0
2021-10-24 19:03:38+00:00,52.1289325,21.07836233,105.31,914.4000244140625,81.0
2021-10-24 19:03:39+00:00,52.12895867,21.0783485,105.157,917.4000244140625,81.0
2021-10-24 19:03:40+00:00,52.12898483,21.0783335,105.157,920.5,81.0
2021-10-24 19:03:41+00:00,52.129011,21.07831767,105.005,923.5,81.0
2021-10-24 19:03:42+00:00,52.12903667,21.078302,105.005,926.5,81.0
2021-10-24 19:03:43+00:00,52.12906267,21.07828583,104.852,929.4000244140625,81.0
2021-10-24 19:03:44+00:00,52.12908817,21.0782715,104.852,932.5999755859375,80.0
2021-10-24 19:03:45+00:00,52.12911333,21.07825783,104.7,935.5999755859375,80.0
2021-10-24 19:03:46+00:00,52.12913833,21.07824583,104.7,938.7999877929688,80.0
2021-10-24 19:03:47+00:00,52.12916367,21.0782335,104.548,941.7999877929688,80.0
2021-10-24 19:03:48+00:00,52.12918967,21.07822317,104.548,944.7999877929688,80.0
2021-10-24 19:03:49+00:00,52.12921517,21.07821317,104.395,947.7999877929688,80.0
2021-10-24 19:03:50+00:00,52.1292405,21.0782035,104.395,950.7999877929688,80.0
2021-10-24 19:03:51+00:00,52.12926533,21.078192,104.243,953.7000122070312,80.0
2021-10-24 19:03:52+00:00,52.1292905,21.078181,104.243,956.5,80.0
2021-10-24 19:03:53+00:00,52.1293155,21.07817017,104.243,959.4000244140625,80.0
2021-10-24 19:03:54+00:00,52.1293405,21.07816167,104.243,962.2999877929688,80.0
2021-10-24 19:03:55+00:00,52.12936483,21.07815333,104.09,965.0,81.0
2021-10-24 19:03:56+00:00,52.12938967,21.07814383,104.09,967.9000244140625,81.0
2021-10-24 19:03:57+00:00,52.12941467,21.07813283,103.938,970.7000122070312,81.0
2021-10-24 19:03:58+00:00,52.12944067,21.078121,103.938,973.5999755859375,80.0
2021-10-24 19:03:59+00:00,52.12946633,21.07810867,103.786,976.5999755859375,80.0
2021-10-24 19:04:00+00:00,52.12949133,21.0780945,103.786,979.5,80.0
2021-10-24 19:04:01+00:00,52.1295155,21.07807917,103.633,982.4000244140625,80.0
2021-10-24 19:04:02+00:00,52.12954017,21.0780655,103.633,985.2999877929688,78.0
2021-10-24 19:04:03+00:00,52.12956667,21.07805717,103.633,988.4000244140625,79.0
2021-10-24 19:04:04+00:00,52.12959367,21.0780575,103.633,991.2999877929688,79.0
2021-10-24 19:04:05+00:00,52.129622,21.07806833,103.481,994.4000244140625,79.0
2021-10-24 19:04:06+00:00,52.12964917,21.078082,103.481,997.4000244140625,79.0
2021-10-24 19:04:07+00:00,52.129676,21.078092,103.328,1000.5999755859375,80.0
2021-10-24 19:04:08+00:00,52.12970433,21.0780855,103.328,1003.5999755859375,81.0
2021-10-24 19:04:09+00:00,52.12973333,21.0780725,103.328,1006.7000122070312,81.0
2021-10-24 19:04:10+00:00,52.1297625,21.078056,103.328,1009.7000122070312,81.0
2021-10-24 19:04:11+00:00,52.12978883,21.07804633,103.176,1013.0999755859375,80.0
2021-10-24 19:04:12+00:00,52.1298145,21.0780355,103.176,1016.5999755859375,80.0
2021-10-24 19:04:13+00:00,52.12984017,21.07802417,103.176,1019.7000122070312,80.0
2021-10-24 19:04:14+00:00,52.12986533,21.07801183,103.176,1022.7000122070312,80.0
2021-10-24 19:04:15+00:00,52.129891,21.07799883,103.024,1025.5999755859375,80.0
2021-10-24 19:04:16+00:00,52.12991633,21.0779835,103.024,1028.699951171875,80.0
2021-10-24 19:04:17+00:00,52.12994183,21.07796617,102.871,1031.9000244140625,80.0
2021-10-24 19:04:18+00:00,52.12996733,21.07795,102.871,1034.9000244140625,80.0
2021-10-24 19:04:19+00:00,52.12999283,21.0779345,102.871,1037.800048828125,80.0
2021-10-24 19:04:20+00:00,52.13001717,21.07792033,102.871,1040.5999755859375,80.0
2021-10-24 19:04:21+00:00,52.1300415,21.07790667,102.719,1043.5,78.0
2021-10-24 19:04:22+00:00,52.13006567,21.0778935,102.719,1046.5,78.0
2021-10-24 19:04:23+00:00,52.13009067,21.07787983,102.719,1049.4000244140625,79.0
2021-10-24 19:04:24+00:00,52.13011667,21.07786517,102.719,1052.4000244140625,79.0
2021-10-24 19:04:25+00:00,52.13014317,21.077851,102.566,1055.4000244140625,79.0
2021-10-24 19:04:26+00:00,52.13016967,21.07783733,102.566,1058.5,79.0
2021-10-24 19:04:27+00:00,52.1301955,21.07782317,102.566,1061.5,80.0
2021-10-24 19:04:28+00:00,52.13022117,21.07780883,102.566,1064.5999755859375,80.0
2021-10-24 19:04:29+00:00,52.130246,21.07779433,102.414,1067.5999755859375,81.0
2021-10-24 19:04:30+00:00,52.13027083,21.07777967,102.414,1070.5999755859375,80.0
2021-10-24 19:04:31+00:00,52.130296,21.077765,102.262,1073.699951171875,80.0
2021-10-24 19:04:32+00:00,52.13032133,21.07775,102.262,1077.0,81.0
2021-10-24 19:04:33+00:00,52.13034633,21.07773433,102.262,1079.9000244140625,80.0
2021-10-24 19:04:34+00:00,52.130371,21.07771767,102.262,1082.9000244140625,80.0
2021-10-24 19:04:35+00:00,52.1303955,21.0777015,102.109,1085.800048828125,80.0
2021-10-24 19:04:36+00:00,52.13042,21.07768567,102.109,1088.800048828125,80.0
2021-10-24 19:04:37+00:00,52.130445,21.07767033,101.957,1091.699951171875,80.0
2021-10-24 19:04:38+00:00,52.13046983,21.07765533,101.957,1094.699951171875,80.0
2021-10-24 19:04:39+00:00,52.130494,21.0776395,101.957,1097.699951171875,80.0
2021-10-24 19:04:40+00:00,52.13051767,21.07762267,101.957,1100.5999755859375,80.0
2021-10-24 19:04:41+00:00,52.13054117,21.07760533,101.804,1103.5,80.0
2021-10-24 19:04:42+00:00,52.13056483,21.077588,101.804,1106.4000244140625,80.0
2021-10-24 19:04:43+00:00,52.130589,21.0775705,101.652,1109.300048828125,81.0
2021-10-24 19:04:44+00:00,52.1306135,21.07755233,101.652,1112.300048828125,80.0
2021-10-24 19:04:45+00:00,52.13063717,21.07753117,101.652,1115.300048828125,81.0
2021-10-24 19:04:46+00:00,52.13065867,21.07750483,101.652,1118.199951171875,81.0
2021-10-24 19:04:47+00:00,52.130679,21.07747467,101.5,1121.199951171875,81.0
2021-10-24 19:04:48+00:00,52.13069883,21.07744283,101.5,1124.199951171875,81.0
2021-10-24 19:04:49+00:00,52.1307195,21.07741233,101.347,1127.300048828125,81.0
2021-10-24 19:04:50+00:00,52.130741,21.077383,101.347,1130.5,81.0
2021-10-24 19:04:51+00:00,52.13076383,21.077357,101.347,1133.699951171875,81.0
2021-10-24 19:04:52+00:00,52.13078733,21.07733283,101.347,1136.800048828125,81.0
2021-10-24 19:04:53+00:00,52.130811,21.07730983,101.195,1140.0,81.0
2021-10-24 19:04:54+00:00,52.13083417,21.07728717,101.195,1143.0999755859375,81.0
2021-10-24 19:04:55+00:00,52.13085717,21.0772635,101.195,1146.300048828125,81.0
2021-10-24 19:04:56+00:00,52.13088017,21.0772415,101.195,1149.4000244140625,80.0
2021-10-24 19:04:57+00:00,52.130903,21.07721917,101.195,1152.4000244140625,80.0
2021-10-24 19:04:58+00:00,52.130926,21.07719883,101.195,1155.4000244140625,80.0
2021-10-24 19:04:59+00:00,52.13094983,21.07718067,101.042,1158.300048828125,80.0
2021-10-24 19:05:00+00:00,52.13097383,21.07716567,101.042,1161.300048828125,80.0
2021-10-24 19:05:01+00:00,52.13099817,21.077151,101.042,1164.199951171875,80.0
2021-10-24 19:05:02+00:00,52.13102183,21.0771345,101.042,1167.0,80.0
2021-10-24 19:05:03+00:00,52.131045,21.07711467,100.89,1169.800048828125,80.0
2021-10-24 19:05:04+00:00,52.13106767,21.07709367,100.89,1172.699951171875,80.0
2021-10-24 19:05:05+00:00,52.13109,21.07707083,100.89,1175.5999755859375,80.0
2021-10-24 19:05:06+00:00,52.13111167,21.07704817,100.89,1178.5,80.0
2021-10-24 19:05:07+00:00,52.13113333,21.07702617,100.89,1181.300048828125,80.0
2021-10-24 19:05:08+00:00,52.131155,21.077005,100.89,1184.199951171875,80.0
2021-10-24 19:05:09+00:00,52.13117633,21.07698483,100.738,1187.0999755859375,80.0
2021-10-24 19:05:10+00:00,52.1311985,21.07696433,100.738,1189.9000244140625,80.0
2021-10-24 19:05:11+00:00,52.1312215,21.0769445,100.738,1192.699951171875,80.0
2021-10-24 19:05:12+00:00,52.13124517,21.076925,100.738,1195.5999755859375,80.0
2021-10-24 19:05:13+00:00,52.13126833,21.076905,100.738,1198.5,80.0
2021-10-24 19:05:14+00:00,52.13129133,21.0768845,100.738,1201.4000244140625,80.0
2021-10-24 19:05:15+00:00,52.13131383,21.07686417,100.585,1204.300048828125,80.0
2021-10-24 19:05:16+00:00,52.1313365,21.076845,100.585,1207.300048828125,80.0
2021-10-24 19:05:17+00:00,52.13135933,21.07682567,100.585,1210.199951171875,80.0
2021-10-24 19:05:18+00:00,52.131382,21.07680633,100.585,1213.0999755859375,80.0
2021-10-24 19:05:19+00:00,52.13140433,21.07678583,100.585,1216.199951171875,80.0
2021-10-24 19:05:20+00:00,52.131426,21.076764,100.585,1219.0,80.0
2021-10-24 19:05:21+00:00,52.13144733,21.07674383,100.433,1221.800048828125,81.0
2021-10-24 19:05:22+00:00,52.13147,21.07672467,100.433,1224.5999755859375,80.0
2021-10-24 19:05:23+00:00,52.131494,21.07670533,100.433,1227.5,81.0
2021-10-24 19:05:24+00:00,52.13151867,21.07668433,100.433,1230.4000244140625,81.0
2021-10-24 19:05:25+00:00,52.131543,21.0766615,100.433,1233.4000244140625,81.0
2021-10-24 19:05:26+00:00,52.131567,21.0766395,100.433,1236.5,81.0
2021-10-24 19:05:27+00:00,52.1315905,21.07661617,100.433,1239.5999755859375,80.0
2021-10-24 19:05:28+00:00,52.13161367,21.0765935,100.433,1242.699951171875,80.0
2021-10-24 19:05:29+00:00,52.13163683,21.07657033,100.28,1245.800048828125,80.0
2021-10-24 19:05:30+00:00,52.13165983,21.07654767,100.28,1249.0,80.0
2021-10-24 19:05:31+00:00,52.13168283,21.076525,100.28,1252.199951171875,80.0
2021-10-24 19:05:32+00:00,52.1317055,21.076503,100.28,1255.300048828125,80.0
2021-10-24 19:05:33+00:00,52.13172783,21.0764815,100.28,1258.4000244140625,80.0
2021-10-24 19:05:34+00:00,52.1317505,21.0764615,100.28,1261.300048828125,80.0
2021-10-24 19:05:35+00:00,52.1317735,21.07644133,100.128,1264.199951171875,80.0
2021-10-24 19:05:36+00:00,52.13179717,21.07642133,100.128,1267.0,80.0
2021-10-24 19:05:37+00:00,52.13182033,21.0764015,100.128,1270.0,80.0
2021-10-24 19:05:38+00:00,52.1318435,21.07638267,100.128,1272.9000244140625,80.0
2021-10-24 19:05:39+00:00,52.131866,21.076363,99.976,1275.699951171875,80.0
2021-10-24 19:05:40+00:00,52.13188783,21.07634233,99.976,1278.5999755859375,78.0
2021-10-24 19:05:41+00:00,52.13190883,21.07632083,99.976,1281.5,79.0
2021-10-24 19:05:42+00:00,52.13192967,21.07629933,99.976,1284.199951171875,79.0
2021-10-24 19:05:43+00:00,52.13195017,21.07627767,99.976,1287.0,79.0
2021-10-24 19:05:44+00:00,52.131971,21.07625767,99.976,1289.800048828125,79.0
2021-10-24 19:05:45+00:00,52.13199283,21.076239,99.823,1292.5,79.0
2021-10-24 19:05:46+00:00,52.13201617,21.07622217,99.823,1295.199951171875,79.0
2021-10-24 19:05:47+00:00,52.13204083,21.0762035,99.823,1297.9000244140625,79.0
2021-10-24 19:05:48+00:00,52.13206633,21.07618383,99.823,1300.800048828125,81.0
2021-10-24 19:05:49+00:00,52.13209117,21.07616217,99.823,1303.9000244140625,81.0
2021-10-24 19:05:50+00:00,52.13211517,21.07614067,99.823,1307.0,80.0
2021-10-24 19:05:51+00:00,52.13213817,21.07611833,99.671,1310.0999755859375,80.0
2021-10-24 19:05:52+00:00,52.13216117,21.07609667,99.671,1313.199951171875,80.0
2021-10-24 19:05:53+00:00,52.13218383,21.07607567,99.671,1316.4000244140625,80.0
2021-10-24 19:05:54+00:00,52.13220633,21.076056,99.671,1319.5,80.0
2021-10-24 19:05:55+00:00,52.13222933,21.07603633,99.671,1322.5999755859375,80.0
2021-10-24 19:05:56+00:00,52.13225133,21.07601867,99.671,1325.5999755859375,80.0
2021-10-24 19:05:57+00:00,52.1322735,21.076,99.518,1328.4000244140625,80.0
2021-10-24 19:05:58+00:00,52.13229517,21.075981,99.518,1331.0999755859375,80.0
2021-10-24 19:05:59+00:00,52.1323175,21.07596133,99.518,1333.9000244140625,80.0
2021-10-24 19:06:00+00:00,52.13233983,21.075941,99.518,1336.5,80.0
2021-10-24 19:06:01+00:00,52.13236267,21.07592,99.518,1339.300048828125,80.0
2021-10-24 19:06:02+00:00,52.1323855,21.075899,99.518,1342.0999755859375,80.0
2021-10-24 19:06:03+00:00,52.13240817,21.075879,99.518,1345.0,80.0
2021-10-24 19:06:04+00:00,52.132431,21.0758585,99.518,1347.9000244140625,80.0
2021-10-24 19:06:05+00:00,52.13245367,21.07583733,99.366,1350.800048828125,80.0
2021-10-24 19:06:06+00:00,52.13247633,21.07581683,99.366,1353.800048828125,80.0
2021-10-24 19:06:07+00:00,52.13249883,21.07579717,99.366,1356.699951171875,80.0
2021-10-24 19:06:08+00:00,52.13252167,21.0757785,99.366,1359.699951171875,80.0
2021-10-24 19:06:09+00:00,52.13254517,21.075763,99.366,1362.5999755859375,80.0
2021-10-24 19:06:10+00:00,52.13257033,21.07575117,99.366,1365.5999755859375,80.0
2021-10-24 19:06:11+00:00,52.1325965,21.0757415,99.366,1368.4000244140625,80.0
2021-10-24 19:06:12+00:00,52.13262267,21.07573133,99.366,1371.300048828125,80.0
2021-10-24 19:06:13+00:00,52.13264817,21.07572067,99.214,1374.300048828125,80.0
2021-10-24 19:06:14+00:00,52.1326735,21.07570817,99.214,1377.300048828125,80.0
2021-10-24 19:06:15+00:00,52.13269833,21.07569517,99.214,1380.199951171875,80.0
2021-10-24 19:06:16+00:00,52.13272233,21.0756795,99.214,1383.199951171875,80.0
2021-10-24 19:06:17+00:00,52.13274633,21.07566233,99.214,1386.0999755859375,80.0
2021-10-24 19:06:18+00:00,52.13276983,21.07564267,99.214,1389.0999755859375,80.0
2021-10-24 19:06:19+00:00,52.13279333,21.07562283,99.061,1392.199951171875,80.0
2021-10-24 19:06:20+00:00,52.13281617,21.07560183,99.061,1395.0999755859375,80.0
2021-10-24 19:06:21+00:00,52.1328385,21.07558017,99.061,1398.0,80.0
2021-10-24 19:06:22+00:00,52.13285883,21.07555383,99.061,1400.9000244140625,80.0
2021-10-24 19:06:23+00:00,52.132875,21.075521,99.061,1403.800048828125,80.0
2021-10-24 19:06:24+00:00,52.1328855,21.07548167,99.061,1406.5999755859375,80.0
2021-10-24 19:06:25+00:00,52.1328875,21.075439,99.061,1409.300048828125,80.0
2021-10-24 19:06:26+00:00,52.13288217,21.07539617,99.061,1412.0,80.0
2021-10-24 19:06:27+00:00,52.13287383,21.07535233,99.061,1414.5999755859375,80.0
2021-10-24 19:06:28+00:00,52.13286533,21.07531083,99.061,1417.300048828125,81.0
2021-10-24 19:06:29+00:00,52.13285633,21.07527033,98.909,1420.0,81.0
2021-10-24 19:06:30+00:00,52.1328465,21.075231,98.909,1422.5999755859375,81.0
2021-10-24 19:06:31+00:00,52.13283683,21.07519167,98.909,1425.300048828125,81.0
2021-10-24 19:06:32+00:00,52.1328275,21.07515283,98.909,1428.300048828125,80.0
2021-10-24 19:06:33+00:00,52.1328175,21.07511483,98.909,1431.5,81.0
2021-10-24 19:06:34+00:00,52.1328065,21.075077,98.909,1434.5,81.0
2021-10-24 19:06:35+00:00,52.1327955,21.075039,99.061,1437.5,81.0
2021-10-24 19:06:36+00:00,52.13278417,21.075001,99.061,1440.4000244140625,81.0
2021-10-24 19:06:37+00:00,52.13277317,21.07496333,99.061,1443.199951171875,80.0
2021-10-24 19:06:38+00:00,52.1327625,21.07492583,99.061,1446.0,80.0
2021-10-24 19:06:39+00:00,52.13275117,21.0748895,99.061,1448.9000244140625,80.0
2021-10-24 19:06:40+00:00,52.1327395,21.07485283,99.061,1451.5999755859375,80.0
2021-10-24 19:06:41+00:00,52.13272783,21.074817,99.061,1454.5,80.0
2021-10-24 19:06:42+00:00,52.13271667,21.07477983,99.061,1457.300048828125,80.0
2021-10-24 19:06:43+00:00,52.13270567,21.0747425,99.061,1460.0999755859375,80.0
2021-10-24 19:06:44+00:00,52.132695,21.07470483,99.061,1463.0,80.0
2021-10-24 19:06:45+00:00,52.13268417,21.07466683,99.061,1465.800048828125,80.0
2021-10-24 19:06:46+00:00,52.13267367,21.07462833,99.061,1468.699951171875,80.0
2021-10-24 19:06:47+00:00,52.13266267,21.07459083,99.214,1471.5,80.0
2021-10-24 19:06:48+00:00,52.1326505,21.0745545,99.214,1474.4000244140625,80.0
2021-10-24 19:06:49+00:00,52.13263883,21.07451833,99.214,1477.300048828125,80.0
2021-10-24 19:06:50+00:00,52.13262717,21.07448267,99.214,1480.0999755859375,80.0
2021-10-24 19:06:51+00:00,52.132617,21.074445,99.214,1483.0,80.0
2021-10-24 19:06:52+00:00,52.13260733,21.07440533,99.214,1485.800048828125,80.0
2021-10-24 19:06:53+00:00,52.1325975,21.074366,99.214,1488.699951171875,80.0
2021-10-24 19:06:54+00:00,52.13258567,21.074328,99.214,1491.5999755859375,80.0
2021-10-24 19:06:55+00:00,52.13257217,21.0742925,99.214,1494.5,80.0
2021-10-24 19:06:56+00:00,52.13255917,21.07425667,99.214,1497.4000244140625,80.0
2021-10-24 19:06:57+00:00,52.13254683,21.07422117,99.214,1500.300048828125,80.0
2021-10-24 19:06:58+00:00,52.1325355,21.07418367,99.214,1503.0999755859375,80.0
2021-10-24 19:06:59+00:00,52.13252567,21.074144,99.366,1506.0,80.0
2021-10-24 19:07:00+00:00,52.1325155,21.0741045,99.366,1509.0,80.0
2021-10-24 19:07:01+00:00,52.132505,21.07406533,99.366,1512.0,80.0
2021-10-24 19:07:02+00:00,52.13249367,21.074027,99.366,1514.9000244140625,80.0
2021-10-24 19:07:03+00:00,52.13248417,21.07398733,99.366,1517.800048828125,80.0
2021-10-24 19:07:04+00:00,52.13247483,21.07394717,99.366,1520.699951171875,80.0
2021-10-24 19:07:05+00:00,52.13246483,21.07390667,99.518,1523.699951171875,80.0
2021-10-24 19:07:06+00:00,52.13245333,21.07386717,99.518,1526.699951171875,80.0
2021-10-24 19:07:07+00:00,52.13244033,21.0738295,99.518,1529.800048828125,81.0
2021-10-24 19:07:08+00:00,52.13242667,21.07379267,99.518,1532.9000244140625,80.0
2021-10-24 19:07:09+00:00,52.13241367,21.0737555,99.518,1535.800048828125,80.0
2021-10-24 19:07:10+00:00,52.13240233,21.0737155,99.518,1538.800048828125,81.0
2021-10-24 19:07:11+00:00,52.13239267,21.07367383,99.671,1541.800048828125,80.0
2021-10-24 19:07:12+00:00,52.13238267,21.073633,99.671,1544.800048828125,80.0
2021-10-24 19:07:13+00:00,52.13237183,21.07359483,99.671,1547.9000244140625,80.0
2021-10-24 19:07:14+00:00,52.132361,21.07355667,99.671,1550.800048828125,80.0
2021-10-24 19:07:15+00:00,52.13235133,21.07351817,99.671,1553.800048828125,80.0
2021-10-24 19:07:16+00:00,52.13234267,21.073477,99.671,1556.699951171875,80.0
2021-10-24 19:07:17+00:00,52.1323345,21.073434,99.823,1559.5999755859375,80.0
2021-10-24 19:07:18+00:00,52.1323265,21.07338817,99.823,1562.699951171875,81.0
2021-10-24 19:07:19+00:00,52.13231917,21.07334183,99.823,1565.9000244140625,82.0
2021-10-24 19:07:20+00:00,52.132313,21.073296,99.823,1569.0999755859375,82.0
2021-10-24 19:07:21+00:00,52.13230867,21.07325017,99.823,1572.300048828125,82.0
2021-10-24 19:07:22+00:00,52.13230383,21.07320567,99.823,1575.5,82.0
2021-10-24 19:07:23+00:00,52.13229733,21.07316267,99.976,1578.800048828125,80.0
2021-10-24 19:07:24+00:00,52.13228817,21.073122,99.976,1582.0,80.0
2021-10-24 19:07:25+00:00,52.13227783,21.073082,99.976,1585.199951171875,80.0
2021-10-24 19:07:26+00:00,52.1322685,21.073041,99.976,1588.300048828125,80.0
2021-10-24 19:07:27+00:00,52.1322595,21.07300017,100.128,1591.300048828125,80.0
2021-10-24 19:07:28+00:00,52.13224983,21.07296083,100.128,1594.300048828125,80.0
2021-10-24 19:07:29+00:00,52.1322395,21.07292217,100.128,1597.0999755859375,80.0
2021-10-24 19:07:30+00:00,52.13222917,21.07288367,100.128,1599.9000244140625,80.0
2021-10-24 19:07:31+00:00,52.13221883,21.07284467,100.28,1602.699951171875,80.0
2021-10-24 19:07:32+00:00,52.13220667,21.07280767,100.28,1605.5999755859375,80.0
2021-10-24 19:07:33+00:00,52.1321925,21.07277317,100.433,1608.4000244140625,80.0
2021-10-24 19:07:34+00:00,52.13217867,21.07273783,100.433,1611.300048828125,80.0
2021-10-24 19:07:35+00:00,52.13216417,21.07270333,100.585,1614.0999755859375,80.0
2021-10-24 19:07:36+00:00,52.13214983,21.072668,100.585,1617.0,80.0
2021-10-24 19:07:37+00:00,52.13213633,21.0726335,100.585,1619.800048828125,80.0
2021-10-24 19:07:38+00:00,52.132124,21.07259733,100.585,1622.5999755859375,80.0
2021-10-24 19:07:39+00:00,52.13211333,21.0725605,100.738,1625.5,80.0
2021-10-24 19:07:40+00:00,52.1321005,21.07252467,100.738,1628.300048828125,80.0
2021-10-24 19:07:41+00:00,52.132088,21.07248733,100.89,1631.199951171875,80.0
2021-10-24 19:07:42+00:00,52.13207567,21.07244917,100.89,1634.0,80.0
2021-10-24 19:07:43+00:00,52.13206583,21.0724105,100.89,1637.0,79.0
2021-10-24 19:07:44+00:00,52.13205767,21.07237317,100.89,1639.800048828125,79.0
2021-10-24 19:07:45+00:00,52.132051,21.07233517,101.042,1642.5999755859375,79.0
2021-10-24 19:07:46+00:00,52.1320445,21.07229683,101.042,1645.4000244140625,79.0
2021-10-24 19:07:47+00:00,52.1320365,21.07225667,101.042,1648.199951171875,79.0
2021-10-24 19:07:48+00:00,52.1320275,21.0722155,101.042,1651.0999755859375,79.0
2021-10-24 19:07:49+00:00,52.1320175,21.0721745,101.195,1654.0,79.0
2021-10-24 19:07:50+00:00,52.13200683,21.072135,101.195,1656.9000244140625,79.0
2021-10-24 19:07:51+00:00,52.13199767,21.0720965,101.347,1659.800048828125,80.0
2021-10-24 19:07:52+00:00,52.13199183,21.0720575,101.347,1662.699951171875,81.0
2021-10-24 19:07:53+00:00,52.13198767,21.07201567,101.347,1665.5,81.0
2021-10-24 19:07:54+00:00,52.1319825,21.07197233,101.347,1668.5,80.0
2021-10-24 19:07:55+00:00,52.13197517,21.07192967,101.5,1671.5999755859375,80.0
2021-10-24 19:07:56+00:00,52.13196583,21.07189017,101.5,1674.699951171875,80.0
2021-10-24 19:07:57+00:00,52.131955,21.07185283,101.652,1677.5999755859375,80.0
2021-10-24 19:07:58+00:00,52.13194183,21.071818,101.652,1680.4000244140625,80.0
2021-10-24 19:07:59+00:00,52.13192933,21.0717845,101.652,1683.199951171875,78.0
2021-10-24 19:08:00+00:00,52.13191933,21.07175217,101.652,1686.0,77.0
2021-10-24 19:08:01+00:00,52.13191567,21.07171667,101.804,1688.5999755859375,77.0
2021-10-24 19:08:02+00:00,52.13191867,21.071679,101.804,1691.0999755859375,77.0
2021-10-24 19:08:03+00:00,52.13192567,21.07164067,101.804,1693.4000244140625,77.0
2021-10-24 19:08:04+00:00,52.13193467,21.07160283,101.804,1695.9000244140625,77.0
2021-10-24 19:08:05+00:00,52.13194267,21.071569,101.957,1698.300048828125,76.0
2021-10-24 19:08:06+00:00,52.131949,21.07154333,101.957,1700.5999755859375,76.0
2021-10-24 19:08:07+00:00,52.1319515,21.071529,101.957,1702.4000244140625,76.0
2021-10-24 19:08:08+00:00,52.13195233,21.07152367,101.957,1703.5,76.0
